datetime,arrivals
1371151740,1
1371156900,1
1371158700,1
1371158880,1
1371159360,1
1371160560,2
1371161700,2
1371161760,2
1371161820,3
1371161880,2
1371161940,1
1371164280,1
1371166860,1
1371167700,1
1371208740,1
1371209640,1
1371212760,1
1371212880,2
1371213660,1
1371213720,1
1371214380,1
1371214440,1
1371214740,2
1371215520,1
1371216060,1
1371216300,1
1371217200,1
1371217320,1
1371217680,1
1371218220,1
1371219720,1
1371219960,1
1371220740,1
1371221460,3
1371221520,5
1371222900,1
1371229380,1
1371230100,1
1371231840,1
1371231960,1
1371232560,1
1371232740,1
1371233580,1
1371233760,1
1371234120,1
1371235500,1
1371236100,1
1371236460,1
1371239400,1
1371239760,1
1371241140,1
1371241620,1
1371241800,1
1371241980,1
1371242760,1
1371242880,1
1371244320,1
1371249180,1
1371250260,1
1371254280,1
1371260460,1
1371262020,1
1371288960,3
1371289020,1
1371289080,2
1371289140,1
1371293400,1
1371299580,1
1371305340,1
1371305400,1
1371312180,1
1371314340,1
1371315420,1
1371315900,1
1371317640,1
1371317700,1
1371320280,1
1371320940,2
1371321720,1
1371321840,1
1371321960,2
1371323580,1
1371325740,1
1371326100,1
1371326640,2
1371327300,1
1371327360,1
1371328200,1
1371328680,1
1371331920,1
1371335520,1
1371336600,1
1371336960,1
1371338100,3
1371340620,1
1371342000,1
1371342900,1
1371348780,1
1371349680,2
1371350880,1
1371353100,2
1371387240,2
1371391920,1
1371393180,1
1371394680,1
1371395100,1
1371396720,1
1371399180,1
1371399360,1
1371399960,1
1371400380,1
1371400440,1
1371402360,2
1371402960,1
1371403380,2
1371403440,1
1371404580,1
1371404880,1
1371405300,1
1371405480,2
1371405600,1
1371406260,1
1371406680,1
1371408000,1
1371408480,1
1371410220,2
1371410580,1
1371411120,2
1371412920,1
1371417180,2
1371419640,1
1371419820,1
1371420960,2
1371423900,1
1371428700,2
1371430560,1
1371434040,1
1371438960,1
1371439500,2
1371439800,2
1371441840,1
1371442800,2
1371464280,1
1371465180,1
1371465840,1
1371466080,1
1371466680,1
1371466860,1
1371467280,1
1371467940,1
1371468120,1
1371468480,1
1371468960,1
1371469140,1
1371469920,1
1371470040,1
1371470760,1
1371471360,1
1371471540,1
1371471600,2
1371471780,1
1371472980,1
1371473160,2
1371473340,1
1371473460,1
1371473880,2
1371473940,1
1371474240,3
1371476520,1
1371480540,1
1371485520,1
1371485820,1
1371487140,1
1371487800,1
1371488580,1
1371490140,1
1371491580,2
1371492900,3
1371494340,1
1371495240,1
1371496380,1
1371496920,1
1371497040,1
1371503040,1
1371504900,1
1371508980,1
1371510540,2
1371511500,1
1371513720,1
1371515640,1
1371522600,1
1371523500,1
1371525720,1
1371525840,1
1371550980,1
1371551640,1
1371552480,1
1371553080,1
1371553860,1
1371554100,1
1371554220,1
1371554580,2
1371554880,1
1371555540,3
1371556380,1
1371556560,1
1371556920,1
1371557280,1
1371558300,2
1371558420,1
1371558480,2
1371558600,2
1371558780,1
1371559080,2
1371559320,1
1371560280,1
1371560580,1
1371560640,2
1371562860,2
1371563160,1
1371563460,1
1371563760,4
1371563880,3
1371563940,1
1371564060,1
1371564360,1
1371564540,2
1371564720,1
1371564960,1
1371566760,1
1371569280,1
1371570600,2
1371573540,1
1371573660,1
1371573840,1
1371573960,1
1371576420,1
1371577440,1
1371577920,1
1371578220,1
1371580560,1
1371581520,1
1371582540,2
1371582600,1
1371583080,1
1371583560,1
1371586020,1
1371591240,1
1371603720,1
1371605580,1
1371616260,1
1371617460,2
1371637620,1
1371638100,1
1371639600,1
1371640020,1
1371640500,2
1371640740,1
1371640860,1
1371641580,2
1371641820,1
1371642060,1
1371642240,2
1371642360,1
1371642660,1
1371647940,1
1371648060,1
1371648360,1
1371649500,1
1371649920,1
1371649980,1
1371650280,1
1371650820,2
1371651060,1
1371651120,1
1371652320,5
1371654000,1
1371654420,1
1371655080,1
1371658080,1
1371658440,1
1371660480,1
1371660840,1
1371661680,1
1371662100,1
1371666600,1
1371666660,1
1371666720,1
1371667020,1
1371667260,1
1371668760,1
1371669300,1
1371669960,1
1371671460,1
1371674880,1
1371675840,1
1371678540,1
1371685680,1
1371686100,1
1371686400,1
1371687900,1
1371688320,1
1371688440,1
1371688500,1
1371688680,1
1371689760,1
1371689940,1
1371693480,1
1371704040,2
1371704100,3
1371704220,2
1371724860,2
1371725280,1
1371726180,2
1371726540,1
1371727260,1
1371727380,1
1371727500,1
1371727980,1
1371729000,1
1371729240,3
1371729780,1
1371729900,2
1371730080,1
1371730680,1
1371730740,1
1371730980,1
1371731280,1
1371731640,2
1371731700,1
1371732300,1
1371732600,1
1371732660,1
1371733140,1
1371735720,1
1371736140,1
1371737340,2
1371739860,1
1371739920,1
1371740160,1
1371741060,1
1371742140,2
1371743760,1
1371744240,1
1371744720,1
1371745140,1
1371745320,1
1371745440,1
1371745920,2
1371746700,1
1371747540,1
1371750780,1
1371750900,1
1371751080,1
1371753600,1
1371754200,1
1371756000,1
1371757080,1
1371758640,1
1371758940,1
1371759300,1
1371759960,1
1371761100,1
1371762300,1
1371762780,1
1371763200,1
1371767400,1
1371771540,1
1371772020,1
1371773820,1
1371774180,1
1371778080,1
1371781920,1
1371782160,1
1371782400,1
1371783840,1
1371784260,1
1371787620,1
1371789540,1
1371793740,1
1371808740,1
1371810960,1
1371811620,1
1371811800,1
1371811920,1
1371813120,1
1371813180,3
1371813300,1
1371813600,1
1371814140,1
1371814440,1
1371814800,2
1371814980,1
1371815400,1
1371816300,1
1371816480,2
1371817140,1
1371817320,1
1371817380,1
1371817800,1
1371817920,1
1371818220,3
1371818460,1
1371818520,1
1371819960,3
1371820260,2
1371820680,1
1371820860,1
1371821460,1
1371823200,1
1371824760,1
1371825240,1
1371825780,1
1371825960,1
1371826380,1
1371827640,1
1371830400,1
1371830640,1
1371831480,1
1371831840,1
1371832020,1
1371832560,1
1371833040,1
1371833520,1
1371835080,1
1371835200,1
1371835620,1
1371836460,1
1371837240,1
1371837360,1
1371837960,1
1371838680,1
1371839160,1
1371839880,1
1371842580,1
1371844740,1
1371847680,1
1371847740,1
1371848820,2
1371849060,2
1371849120,1
1371849360,2
1371856260,1
1371856440,1
1371858540,1
1371858660,1
1371861660,1
1371867060,1
1371875580,1
1371879240,1
1371879300,1
1371900420,1
1371906720,1
1371912180,1
1371914520,1
1371914820,1
1371915120,1
1371917040,2
1371917100,1
1371919860,1
1371922560,2
1371922620,1
1371923460,1
1371923520,1
1371923580,1
1371930000,1
1371931500,1
1371932040,1
1371933060,2
1371933120,5
1371933240,1
1371934680,1
1371935160,1
1371936600,1
1371939840,1
1371939960,1
1371944040,1
1371946680,1
1371950760,2
1371951060,1
1371951600,2
1371954540,1
1371955560,2
1371969960,1
1371970560,1
1371974100,1
1371986220,1
1371994500,1
1371995340,1
1371997140,1
1372000080,2
1372002960,2
1372003380,5
1372004700,1
1372005840,1
1372006140,2
1372008420,1
1372008780,1
1372008840,1
1372009140,1
1372010280,1
1372010640,1
1372011060,1
1372011120,1
1372011960,1
1372013400,1
1372013580,1
1372014900,1
1372015920,1
1372019880,2
1372020300,1
1372020840,11
1372020900,2
1372021020,2
1372021080,1
1372021140,2
1372022040,3
1372022880,1
1372023120,1
1372024140,1
1372028040,1
1372038060,2
1372049940,1
1372069080,1
1372070160,1
1372071480,1
1372071900,1
1372072260,1
1372072320,1
1372072680,1
1372072800,1
1372073040,1
1372073100,1
1372074240,1
1372074480,1
1372074540,1
1372074780,1
1372074840,1
1372075140,1
1372075680,1
1372076880,1
1372077300,2
1372077780,2
1372077900,1
1372078140,1
1372078380,1
1372078560,1
1372078680,2
1372078800,1
1372079220,1
1372081080,1
1372082640,2
1372085520,1
1372086780,2
1372086900,1
1372090920,1
1372092720,1
1372095480,1
1372095780,1
1372096320,1
1372096740,1
1372096800,1
1372097220,1
1372097280,1
1372098300,1
1372099920,1
1372100040,1
1372107900,1
1372108020,1
1372108080,2
1372110900,1
1372111500,1
1372112460,1
1372113180,1
1372113360,1
1372114860,1
1372116420,1
1372116480,1
1372117020,1
1372117260,1
1372121580,1
1372122660,1
1372122720,1
1372125060,1
1372126260,1
1372127580,1
1372131720,1
1372155780,1
1372155840,1
1372156140,1
1372156740,1
1372157700,1
1372157880,1
1372158900,1
1372159320,1
1372159500,1
1372159860,1
1372160040,1
1372160220,1
1372160400,1
1372160460,1
1372160640,1
1372161420,1
1372161540,1
1372161720,1
1372161960,2
1372162020,1
1372162680,2
1372162920,2
1372163520,1
1372163700,1
1372163940,2
1372164360,1
1372164660,2
1372164720,1
1372164900,1
1372165260,1
1372165320,1
1372165380,1
1372166160,1
1372166940,2
1372167540,1
1372167660,1
1372167780,1
1372167960,1
1372169820,4
1372170120,1
1372170600,1
1372170720,1
1372171200,1
1372174200,1
1372174800,1
1372175880,1
1372176360,1
1372178100,1
1372178220,1
1372178280,1
1372178700,2
1372179060,1
1372179360,1
1372179420,1
1372180440,1
1372180860,1
1372181160,1
1372181820,1
1372182360,1
1372182480,1
1372182840,1
1372183380,1
1372187100,1
1372188960,1
1372190280,1
1372191180,1
1372191540,1
1372191960,1
1372192020,1
1372193760,1
1372194660,1
1372195380,1
1372196640,1
1372196820,1
1372198080,1
1372200120,1
1372200960,1
1372201980,1
1372203060,1
1372204020,1
1372211880,1
1372213080,1
1372219440,3
1372229760,1
1372229820,1
1372242420,1
1372242720,1
1372243860,1
1372244220,1
1372244280,1
1372244580,1
1372244700,1
1372244760,1
1372244940,1
1372245180,1
1372245420,1
1372245660,1
1372246020,1
1372246860,1
1372246920,1
1372247760,1
1372247880,1
1372248120,1
1372248360,1
1372248900,2
1372249200,1
1372249500,1
1372250040,1
1372250280,2
1372250580,3
1372250700,1
1372251000,1
1372251240,1
1372251300,1
1372252320,1
1372252440,1
1372252980,1
1372253460,1
1372253940,1
1372254120,1
1372255020,1
1372255080,1
1372259040,1
1372259280,1
1372259400,1
1372260300,1
1372261320,1
1372263720,1
1372265460,1
1372265760,1
1372266780,2
1372268160,1
1372268340,1
1372270080,1
1372270200,1
1372270860,1
1372271040,1
1372271520,1
1372271700,1
1372274100,1
1372275240,1
1372276080,1
1372276260,1
1372276620,1
1372277580,1
1372281300,1
1372282920,1
1372286640,1
1372286940,1
1372288800,3
1372288980,1
1372290180,1
1372290420,2
1372292040,1
1372293240,1
1372300440,1
1372301640,1
1372307280,2
1372307400,1
1372321740,1
1372326840,1
1372330440,4
1372336920,1
1372339560,4
1372342680,2
1372343520,1
1372347720,1
1372349760,1
1372350000,1
1372350960,2
1372358100,1
1372359060,1
1372359120,2
1372359480,1
1372360320,1
1372361040,1
1372361460,1
1372361760,1
1372362000,1
1372362360,1
1372362660,1
1372364580,1
1372366020,1
1372370820,1
1372374180,1
1372375140,1
1372375380,1
1372375800,1
1372381080,1
1372382280,1
1372387380,1
1372391220,1
1372391940,1
1372401060,1
1372402620,2
1372412520,1
1372416000,1
1372416900,1
1372416960,2
1372417080,1
1372417380,2
1372417560,1
1372417860,1
1372418040,1
1372418160,1
1372419480,1
1372419960,1
1372420320,1
1372420560,1
1372420620,2
1372420860,1
1372420920,1
1372421040,1
1372421220,1
1372421460,3
1372421880,2
1372422060,1
1372422180,2
1372423020,2
1372423080,1
1372423200,1
1372423680,1
1372424220,1
1372425300,1
1372425480,1
1372427040,1
1372427520,1
1372429740,1
1372429920,1
1372432980,1
1372433520,1
1372433580,1
1372433880,1
1372434480,1
1372435740,1
1372435860,1
1372436040,1
1372436940,2
1372437240,1
1372437300,1
1372438020,1
1372438320,1
1372438380,2
1372438680,1
1372439220,1
1372440840,2
1372441440,1
1372443600,1
1372444860,1
1372446060,2
1372446720,1
1372447740,1
1372447980,1
1372448220,1
1372449120,1
1372449840,1
1372452120,2
1372452480,1
1372453740,1
1372454520,1
1372457340,1
1372458540,1
1372459620,1
1372459740,1
1372459980,1
1372461180,1
1372462200,1
1372462560,1
1372464060,1
1372467180,1
1372470060,2
1372471320,2
1372473120,2
1372478460,1
1372481940,1
1372486080,1
1372506540,1
1372508340,1
1372510380,1
1372517280,2
1372519560,1
1372519860,1
1372521300,1
1372521780,1
1372522980,1
1372524420,1
1372527120,1
1372527420,1
1372528200,1
1372529820,2
1372532820,1
1372534680,1
1372537140,2
1372540260,4
1372540860,1
1372542840,1
1372545960,4
1372549380,1
1372549620,1
1372550280,2
1372551720,2
1372552320,1
1372553220,2
1372553460,1
1372556580,1
1372558860,1
1372564440,2
1372568940,1
1372569660,1
1372579980,1
1372581360,2
1372598340,1
1372599960,1
1372604460,1
1372606380,1
1372606620,1
1372606800,1
1372607460,1
1372607520,1
1372607640,1
1372611600,1
1372611780,1
1372612020,1
1372612980,1
1372613700,1
1372614540,1
1372617420,1
1372617600,1
1372618380,1
1372618440,1
1372619580,1
1372621080,1
1372621680,1
1372622040,1
1372625460,1
1372627920,1
1372631160,1
1372631400,1
1372631460,1
1372632900,1
1372636560,2
1372638540,1
1372644660,1
1372645560,1
1372671540,1
1372673880,1
1372675500,1
1372676160,1
1372676520,2
1372677480,1
1372677840,2
1372678320,1
1372678440,1
1372678980,1
1372680120,1
1372680540,1
1372682520,4
1372682640,1
1372682700,2
1372687020,10
1372701840,1
1372702380,1
1372707780,1
1372710420,1
1372711620,1
1372711860,1
1372718520,1
1372719660,1
1372719720,1
1372720560,1
1372720740,1
1372722120,1
1372723800,1
1372725060,1
1372725900,1
1372740720,1
1372760760,1
1372762320,1
1372762440,1
1372762620,1
1372762800,1
1372763220,1
1372763580,2
1372763760,1
1372763880,1
1372763940,1
1372764060,1
1372764240,2
1372764420,1
1372764900,1
1372765020,1
1372765620,1
1372765980,1
1372766040,1
1372766400,1
1372766940,1
1372767120,1
1372767240,1
1372767840,1
1372767900,1
1372768200,1
1372768260,1
1372768740,2
1372773720,4
1372775340,1
1372782660,1
1372782900,1
1372783320,1
1372784880,1
1372785060,1
1372786740,2
1372787160,1
1372787760,1
1372788480,1
1372789800,1
1372790040,1
1372790160,1
1372791000,2
1372792140,1
1372795440,1
1372796880,1
1372798260,1
1372798500,1
1372799580,1
1372800180,1
1372801080,1
1372801620,2
1372802340,1
1372803960,1
1372805040,1
1372810740,1
1372810920,1
1372811640,2
1372812720,1
1372813260,1
1372817100,1
1372819680,1
1372819740,1
1372821900,1
1372829700,1
1372844400,1
1372846380,1
1372847100,1
1372848900,1
1372849680,1
1372850220,1
1372850340,1
1372850640,1
1372850760,1
1372852620,1
1372852740,1
1372853040,1
1372853160,1
1372853220,1
1372853340,1
1372853460,1
1372853700,1
1372853940,1
1372854120,2
1372854420,1
1372854600,1
1372854840,1
1372855200,1
1372855500,2
1372855560,1
1372855920,3
1372855980,2
1372857120,1
1372858020,1
1372858080,1
1372858860,3
1372860240,1
1372861020,1
1372861920,1
1372863120,1
1372864080,1
1372865940,1
1372866120,2
1372866180,1
1372867440,1
1372868160,1
1372868460,1
1372869360,1
1372871340,1
1372872060,1
1372872420,1
1372873320,1
1372874460,1
1372874880,1
1372875060,1
1372880040,1
1372883100,1
1372884360,1
1372886700,1
1372886940,1
1372887720,2
1372888860,1
1372888980,1
1372889280,1
1372891020,1
1372899300,1
1372901280,1
1372905480,1
1372906980,1
1372914960,1
1372924020,1
1372933800,2
1372935600,1
1372944240,1
1372946700,1
1372950840,1
1372955940,2
1372956060,1
1372956480,1
1372959600,1
1372962540,1
1372962720,1
1372962900,1
1372965420,1
1372967040,2
1372967700,1
1372969320,2
1372971480,1
1372971600,1
1372971780,1
1372972500,1
1372974600,1
1372975860,1
1372976460,1
1372977120,2
1372977660,2
1372981080,2
1372983120,1
1372984140,2
1372985640,1
1372986840,2
1372990740,1
1372997400,1
1372999140,1
1373002680,1
1373003400,2
1373015280,1
1373015400,1
1373015520,1
1373019840,1
1373020260,1
1373020440,1
1373022120,1
1373022780,1
1373023500,1
1373023560,1
1373024220,1
1373024340,1
1373024700,1
1373025840,1
1373027100,2
1373027280,1
1373028660,1
1373029080,1
1373029740,1
1373029920,1
1373029980,1
1373030220,1
1373030520,1
1373030580,1
1373031600,2
1373031780,1
1373032260,1
1373032440,1
1373033100,1
1373034420,1
1373035560,2
1373038080,1
1373039100,1
1373039880,1
1373039940,1
1373040720,1
1373041200,1
1373041320,1
1373041500,1
1373042220,1
1373042700,1
1373043060,1
1373043600,1
1373043720,1
1373044380,1
1373044500,1
1373044680,1
1373044920,2
1373048580,1
1373048940,1
1373052360,1
1373059680,1
1373060100,1
1373061540,1
1373062020,3
1373062140,2
1373062260,2
1373062620,2
1373063220,1
1373064900,1
1373065980,2
1373067660,1
1373071140,1
1373074620,1
1373075820,3
1373077260,1
1373077680,1
1373079600,1
1373079720,1
1373083860,1
1373087340,1
1373089860,1
1373093100,1
1373102760,2
1373107980,1
1373111100,1
1373113140,1
1373116140,1
1373116320,1
1373119020,1
1373121960,2
1373122320,1
1373122380,1
1373124000,1
1373124780,1
1373128320,1
1373133300,1
1373134140,2
1373135400,1
1373135940,2
1373136660,1
1373139120,1
1373140020,1
1373140740,1
1373140860,1
1373142060,2
1373144340,1
1373144700,1
1373146920,1
1373148120,1
1373149140,1
1373152200,1
1373154840,3
1373155140,1
1373155980,1
1373158920,1
1373160120,1
1373160600,1
1373164740,2
1373167560,2
1373174220,2
1373175840,1
1373180520,1
1373203380,1
1373204160,2
1373211240,1
1373214360,1
1373215980,1
1373219100,1
1373220000,2
1373221560,1
1373221740,1
1373229420,1
1373230020,3
1373232360,1
1373232540,1
1373232600,1
1373233260,1
1373233740,1
1373235360,1
1373235780,1
1373238360,1
1373239080,2
1373240700,1
1373241060,1
1373242920,1
1373244600,3
1373244840,1
1373245980,1
1373246340,2
1373247960,1
1373251920,1
1373265600,1
1373267100,1
1373276220,1
1373277960,1
1373278500,1
1373280120,1
1373281080,1
1373281500,1
1373281560,1
1373281800,1
1373282280,1
1373282700,1
1373283000,1
1373283180,1
1373283240,1
1373283600,1
1373284140,1
1373284320,1
1373284500,1
1373284740,2
1373284920,3
1373286600,1
1373287500,1
1373289660,3
1373294400,1
1373296200,1
1373296320,2
1373296920,1
1373302620,1
1373303280,1
1373303880,2
1373303940,1
1373305560,1
1373306640,1
1373307600,1
1373308140,1
1373313840,1
1373315460,1
1373317860,1
1373319300,1
1373330880,1
1373331420,1
1373332500,1
1373333400,1
1373333880,1
1373335560,2
1373359980,2
1373360040,1
1373361720,1
1373364600,1
1373365800,1
1373367300,1
1373367420,1
1373367600,1
1373367900,1
1373368320,1
1373368800,2
1373368860,1
1373369340,1
1373369580,1
1373370420,1
1373370780,1
1373371800,1
1373371860,1
1373372580,1
1373372700,1
1373372820,4
1373372940,2
1373373000,1
1373373480,1
1373373720,2
1373374200,2
1373374740,2
1373374920,1
1373375760,1
1373378700,1
1373380680,1
1373384040,2
1373385240,1
1373385480,2
1373385600,1
1373387100,1
1373387640,1
1373387820,1
1373390280,1
1373390400,1
1373391060,1
1373391540,1
1373391840,1
1373394360,1
1373397000,2
1373397120,2
1373399040,1
1373399580,1
1373404980,1
1373405820,1
1373408580,2
1373410860,2
1373411760,1
1373414700,1
1373414940,1
1373417340,1
1373418420,1
1373418600,2
1373420700,1
1373423220,2
1373448720,1
1373452140,1
1373453040,1
1373453280,1
1373453460,1
1373453700,1
1373454240,1
1373454420,1
1373454480,1
1373454660,1
1373454900,1
1373455560,1
1373455680,1
1373455920,1
1373456220,1
1373456400,1
1373456880,1
1373457360,1
1373457840,6
1373457900,2
1373458260,2
1373458500,2
1373459040,3
1373459280,1
1373460240,4
1373463120,2
1373463540,1
1373467080,1
1373468100,1
1373475480,1
1373477820,1
1373479980,1
1373482800,1
1373486100,1
1373486340,1
1373487300,1
1373487840,1
1373488140,1
1373488500,1
1373490120,1
1373493660,1
1373497080,1
1373498220,1
1373498880,1
1373498940,1
1373499240,1
1373500320,1
1373500740,1
1373500860,1
1373501400,1
1373501520,1
1373502480,1
1373504280,2
1373504940,1
1373505720,1
1373532900,1
1373533380,1
1373533500,1
1373533740,1
1373538600,1
1373539260,1
1373539440,1
1373540400,1
1373540820,1
1373540940,1
1373541120,1
1373541660,1
1373542920,1
1373543040,1
1373543100,1
1373543280,1
1373544300,2
1373544600,1
1373544720,2
1373544780,2
1373545020,1
1373545500,1
1373545620,1
1373545860,1
1373546280,1
1373546340,1
1373546700,1
1373546760,1
1373547060,1
1373547540,1
1373548020,1
1373548080,2
1373549940,1
1373550060,1
1373550840,1
1373551080,1
1373552400,1
1373557500,1
1373559480,1
1373559720,1
1373560200,1
1373566980,1
1373571780,2
1373572740,1
1373576460,1
1373579220,1
1373579340,1
1373579580,1
1373583720,1
1373583780,1
1373585280,2
1373585460,1
1373586480,1
1373589120,1
1373590320,1
1373596680,1
1373598840,1
1373605680,1
1373606460,1
1373608680,1
1373611200,2
1373611320,3
1373622900,1
1373623080,1
1373625720,1
1373626020,1
1373626320,1
1373626500,1
1373626560,1
1373626740,1
1373627040,1
1373627520,1
1373627580,1
1373628000,1
1373628480,1
1373629500,1
1373632380,12
1373633400,1
1373633700,1
1373634420,1
1373636820,1
1373637000,1
1373637720,1
1373639520,1
1373639640,1
1373640480,1
1373640720,1
1373642820,1
1373644680,1
1373646180,2
1373646300,1
1373646420,1
1373648220,1
1373648640,1
1373649180,1
1373649840,1
1373652420,2
1373652900,1
1373655840,3
1373667360,2
1373673840,1
1373674680,1
1373675400,1
1373688360,1
1373719320,1
1373722320,1
1373723820,1
1373725680,1
1373727480,1
1373729280,1
1373729760,1
1373729820,1
1373730420,1
1373730480,1
1373731320,2
1373731560,2
1373732640,1
1373735520,1
1373736540,1
1373739240,1
1373739900,1
1373740380,1
1373741400,1
1373741460,1
1373743140,1
1373744040,1
1373744520,1
1373745900,1
1373748060,1
1373748420,1
1373750460,1
1373751780,1
1373752260,1
1373756760,1
1373757120,1
1373757780,1
1373758020,1
1373758200,1
1373758320,1
1373758560,1
1373758740,1
1373758980,1
1373759760,1
1373761560,1
1373770080,1
1373805480,1
1373810820,1
1373812740,1
1373813820,1
1373814300,1
1373815860,1
1373817000,1
1373818380,1
1373819580,1
1373820960,2
1373821140,1
1373822580,1
1373825640,1
1373826360,1
1373827920,1
1373828880,1
1373829840,2
1373831940,1
1373832000,1
1373832060,1
1373833200,1
1373839560,1
1373841180,1
1373841480,1
1373841840,1
1373845980,1
1373846100,1
1373849040,1
1373850600,1
1373850900,1
1373852460,1
1373852700,1
1373853060,1
1373853660,1
1373854560,1
1373857740,1
1373862600,1
1373883300,1
1373884380,1
1373884440,1
1373885040,1
1373885220,1
1373885400,1
1373886000,1
1373886300,1
1373886600,2
1373886720,3
1373887320,1
1373887920,1
1373887980,2
1373888580,2
1373888700,2
1373889240,1
1373889480,2
1373889900,1
1373890080,1
1373890200,1
1373890440,1
1373890740,1
1373891040,1
1373891520,1
1373891880,1
1373892720,1
1373892900,1
1373893680,1
1373893800,1
1373893920,1
1373896080,1
1373898660,1
1373902680,1
1373904180,1
1373904720,1
1373905020,1
1373905440,1
1373906520,1
1373907060,1
1373907840,1
1373908920,1
1373910060,1
1373910120,1
1373913480,1
1373914020,1
1373914920,1
1373915280,1
1373918580,1
1373919360,1
1373920140,1
1373921280,1
1373921340,1
1373923140,1
1373923260,2
1373923440,1
1373923740,1
1373924640,1
1373925360,1
1373926920,1
1373927760,1
1373928900,1
1373929620,1
1373929860,1
1373930340,1
1373933220,1
1373935560,1
1373935680,1
1373936340,1
1373939700,1
1373942940,1
1373948580,1
1373949660,1
1373960220,1
1373968980,1
1373969820,1
1373970180,1
1373971380,1
1373971440,1
1373972220,2
1373972400,1
1373972760,1
1373973000,1
1373973300,1
1373973900,1
1373974380,1
1373974500,1
1373974980,1
1373975040,1
1373975220,1
1373975460,2
1373975760,1
1373976000,2
1373976240,1
1373976720,1
1373977020,1
1373977560,1
1373978040,1
1373978520,3
1373978700,1
1373979480,1
1373979900,1
1373980140,1
1373980500,1
1373980800,1
1373981040,1
1373982240,1
1373982420,2
1373984400,2
1373986020,1
1373987700,1
1373988660,1
1373989560,1
1373990640,1
1373990880,1
1373991180,1
1373992920,1
1373993460,1
1373994240,1
1373995320,1
1373995380,1
1373998860,1
1374000360,1
1374002220,1
1374002460,1
1374006960,1
1374007440,1
1374008820,1
1374009840,1
1374010980,1
1374014400,1
1374014760,1
1374015120,1
1374016320,1
1374019020,1
1374019080,1
1374020280,1
1374020880,1
1374022440,1
1374023280,1
1374023340,1
1374026340,1
1374028620,1
1374028860,1
1374050220,2
1374050280,2
1374050400,1
1374054960,1
1374055080,1
1374055320,1
1374056640,2
1374056820,2
1374056940,1
1374057360,1
1374057720,1
1374057960,1
1374058260,3
1374058860,1
1374059160,1
1374059280,1
1374059520,1
1374060060,1
1374060420,1
1374060840,1
1374061020,1
1374061080,2
1374061860,1
1374062160,1
1374062580,2
1374062880,1
1374063060,2
1374063840,1
1374064320,1
1374065400,1
1374065460,1
1374065580,1
1374066360,2
1374066660,1
1374066900,1
1374069420,1
1374070560,1
1374071580,1
1374071700,2
1374073620,1
1374074700,1
1374075240,1
1374077520,1
1374078540,1
1374079320,1
1374080460,1
1374080700,1
1374081840,2
1374082380,1
1374083280,1
1374083940,1
1374085500,1
1374085560,1
1374086340,1
1374088860,1
1374090420,1
1374093660,1
1374094980,1
1374095340,1
1374097620,1
1374097740,1
1374098940,2
1374099060,1
1374101640,1
1374102000,1
1374102360,2
1374102720,2
1374106440,1
1374107940,1
1374111780,1
1374114120,1
1374114660,1
1374115320,1
1374118080,1
1374118740,1
1374119880,1
1374126000,1
1374142620,1
1374143160,1
1374145380,2
1374145620,1
1374146340,1
1374146400,1
1374147600,2
1374147780,1
1374148140,1
1374148440,2
1374148500,1
1374149340,1
1374149400,1
1374150240,1
1374150840,1
1374151440,2
1374151560,1
1374151680,1
1374151920,1
1374152940,1
1374153180,1
1374153480,1
1374153600,1
1374153840,1
1374156480,1
1374157260,1
1374159540,1
1374161400,1
1374163260,1
1374164700,1
1374165000,2
1374165240,1
1374165720,2
1374166800,1
1374167760,1
1374168300,1
1374168660,1
1374171900,1
1374172380,1
1374173640,1
1374176880,1
1374177240,2
1374177600,1
1374179640,1
1374180840,1
1374182280,1
1374182880,1
1374183540,2
1374183840,1
1374184380,2
1374184500,1
1374186540,1
1374186840,1
1374187740,1
1374190560,2
1374193680,1
1374195960,1
1374196620,1
1374198600,1
1374201960,1
1374204180,1
1374206580,1
1374211080,1
1374226920,1
1374228600,1
1374231360,2
1374231900,2
1374232320,1
1374232980,1
1374233220,1
1374233340,1
1374233640,1
1374234120,1
1374234480,1
1374235200,1
1374235800,1
1374236160,1
1374236580,1
1374236640,1
1374236940,1
1374237480,1
1374237900,2
1374238080,1
1374238800,1
1374239100,1
1374239280,1
1374239340,1
1374239400,2
1374239520,1
1374240000,1
1374241020,1
1374241080,1
1374241140,1
1374241800,1
1374242820,1
1374243480,1
1374244260,1
1374244980,1
1374248100,1
1374248940,1
1374249660,3
1374251220,1
1374251520,1
1374253620,1
1374253920,2
1374254400,1
1374255060,1
1374255120,2
1374256320,1
1374258060,2
1374259140,1
1374262500,1
1374262740,1
1374263940,1
1374266040,1
1374266220,1
1374266280,1
1374268320,1
1374271680,3
1374274800,1
1374274920,1
1374276660,1
1374277080,1
1374277980,1
1374279180,1
1374282060,4
1374282240,3
1374282300,2
1374282360,2
1374282540,3
1374282600,3
1374282720,1
1374282780,2
1374284580,1
1374288840,1
1374292560,1
1374299520,1
1374306300,1
1374307140,1
1374317940,1
1374330180,1
1374332040,1
1374333060,1
1374335040,3
1374335760,1
1374336780,1
1374337380,1
1374338520,1
1374338640,1
1374339240,2
1374340260,1
1374340800,1
1374340920,1
1374341580,1
1374342060,1
1374345180,1
1374347640,3
1374348180,1
1374349500,1
1374349920,1
1374350160,1
1374351000,3
1374351660,1
1374353820,1
1374354060,1
1374355980,1
1374356640,1
1374357900,1
1374360660,1
1374363000,2
1374363120,2
1374363600,1
1374363720,1
1374364440,1
1374364740,1
1374366600,1
1374368760,1
1374375300,1
1374383580,1
1374387420,1
1374390780,1
1374416340,1
1374418080,2
1374418200,1
1374418320,1
1374419760,1
1374420600,2
1374422880,1
1374423180,1
1374424380,1
1374426120,1
1374426360,2
1374428160,1
1374430800,1
1374431280,1
1374431460,1
1374433260,1
1374435420,2
1374436620,1
1374440040,1
1374440640,1
1374441000,1
1374443580,1
1374444780,1
1374445020,1
1374445200,1
1374447180,1
1374448380,1
1374448500,1
1374452640,1
1374454440,1
1374455340,1
1374460320,1
1374464520,1
1374465360,1
1374488100,1
1374488460,1
1374489840,1
1374491100,1
1374491460,1
1374491580,1
1374491760,2
1374492840,2
1374493140,1
1374493560,1
1374493800,1
1374493860,1
1374494040,1
1374495360,2
1374495420,1
1374496500,2
1374496680,2
1374496980,1
1374497280,1
1374497400,1
1374497580,1
1374497820,1
1374498480,1
1374498780,1
1374499200,1
1374499980,1
1374500040,1
1374500220,1
1374502440,1
1374503580,1
1374504960,1
1374508020,1
1374508380,1
1374509100,1
1374511380,1
1374511500,1
1374512220,1
1374514860,1
1374515100,1
1374515220,2
1374516000,1
1374516120,1
1374517560,1
1374517740,1
1374518340,1
1374518640,1
1374520680,1
1374527160,1
1374527760,1
1374530040,1
1374531360,1
1374531660,1
1374531900,1
1374533040,1
1374533820,1
1374534480,1
1374535200,1
1374535320,1
1374537120,1
1374541140,1
1374574200,1
1374574980,1
1374575160,1
1374575760,1
1374576420,1
1374576720,1
1374577800,1
1374578040,1
1374578700,1
1374578880,2
1374579180,1
1374579420,2
1374579540,1
1374580140,3
1374580740,1
1374580800,1
1374581040,1
1374581340,1
1374581460,1
1374581580,1
1374582000,1
1374582240,1
1374582660,1
1374582960,1
1374583140,1
1374583680,2
1374583800,3
1374583920,1
1374584160,1
1374584220,1
1374584520,1
1374585420,2
1374586860,1
1374587160,1
1374588060,1
1374591120,2
1374591300,1
1374591720,1
1374591840,1
1374592020,1
1374592440,1
1374593100,1
1374594180,1
1374594840,1
1374596340,1
1374596580,1
1374596940,2
1374597600,1
1374598080,1
1374598440,2
1374599220,1
1374599640,1
1374600540,1
1374601680,1
1374601860,1
1374602100,1
1374602220,1
1374603420,1
1374604080,1
1374605880,1
1374606300,1
1374607020,1
1374608940,1
1374609120,2
1374609240,1
1374609960,1
1374610440,1
1374611640,1
1374612660,1
1374616140,1
1374617760,1
1374618300,1
1374620100,1
1374621420,1
1374624120,1
1374624180,1
1374627060,1
1374628260,1
1374628680,1
1374629100,1
1374632640,2
1374637680,1
1374640980,1
1374661080,1
1374661260,1
1374661440,1
1374661680,1
1374661980,1
1374662400,1
1374662520,2
1374662760,1
1374664020,2
1374664140,1
1374664560,1
1374664680,1
1374665220,1
1374665400,1
1374665460,1
1374665520,2
1374665580,1
1374665700,1
1374665820,2
1374666180,1
1374666300,1
1374666540,1
1374666660,1
1374666780,1
1374667020,1
1374667080,1
1374667560,2
1374667920,1
1374668160,1
1374668580,1
1374668700,1
1374669360,1
1374669840,1
1374669960,2
1374671220,1
1374672180,1
1374672240,1
1374672420,1
1374672600,1
1374674160,1
1374675060,1
1374675480,1
1374676380,1
1374676680,1
1374676860,1
1374677640,1
1374678480,1
1374680340,1
1374681780,1
1374682620,1
1374683340,1
1374683940,1
1374684960,1
1374685380,1
1374686100,1
1374688020,1
1374688080,1
1374688980,2
1374689040,1
1374689640,1
1374690180,1
1374691860,1
1374691980,1
1374692400,1
1374692580,1
1374693000,1
1374696240,1
1374696660,2
1374699180,1
1374700020,1
1374701640,1
1374702240,1
1374703440,1
1374704820,1
1374704880,1
1374705300,1
1374706440,1
1374708300,1
1374708660,1
1374710160,1
1374710940,1
1374711060,2
1374711240,1
1374712200,1
1374712740,1
1374713100,1
1374715560,1
1374715680,1
1374718980,1
1374719820,1
1374724980,1
1374726480,1
1374726660,1
1374745380,1
1374746460,1
1374747960,1
1374748200,1
1374749340,1
1374749820,1
1374749880,1
1374750240,1
1374750300,1
1374750480,1
1374750720,2
1374751020,2
1374751320,1
1374751620,2
1374751800,1
1374751860,1
1374751920,1
1374752340,1
1374752700,2
1374752820,1
1374753240,1
1374753300,1
1374753540,2
1374753840,1
1374753900,1
1374754380,1
1374754440,1
1374754680,1
1374756060,1
1374756480,1
1374757080,1
1374758040,1
1374760320,1
1374761040,1
1374761220,1
1374761400,2
1374761760,1
1374763020,1
1374763260,1
1374763560,1
1374763680,1
1374765060,1
1374765840,1
1374766680,1
1374766920,1
1374768060,1
1374768540,1
1374768960,1
1374770760,1
1374771660,1
1374772260,3
1374774000,1
1374776340,1
1374776940,1
1374777540,1
1374778200,1
1374778380,1
1374780060,1
1374782160,1
1374782580,1
1374783840,1
1374786960,1
1374788280,1
1374788640,1
1374788760,1
1374789060,1
1374789420,1
1374790920,1
1374791340,1
1374791460,1
1374792660,1
1374793320,2
1374793560,1
1374794340,1
1374794400,1
1374794940,1
1374795360,1
1374796140,1
1374798660,1
1374799860,1
1374800280,1
1374800460,1
1374805680,1
1374806340,2
1374809820,1
1374822360,6
1374822720,1
1374831240,1
1374831420,1
1374833220,2
1374833640,1
1374834240,1
1374835080,2
1374835500,1
1374835680,1
1374835920,1
1374836640,1
1374837120,1
1374838080,2
1374838140,2
1374838260,1
1374838560,1
1374839340,1
1374839460,1
1374839640,1
1374839760,2
1374839940,2
1374842340,1
1374845280,1
1374845400,1
1374846840,1
1374847920,2
1374849720,1
1374850320,1
1374851160,1
1374852660,1
1374852960,1
1374853560,1
1374855300,1
1374856380,1
1374857520,3
1374857940,1
1374858300,2
1374858600,1
1374859020,1
1374860640,1
1374862200,1
1374862740,1
1374863580,1
1374863940,2
1374864600,1
1374865020,1
1374866160,2
1374868140,2
1374871200,1
1374871380,1
1374875040,1
1374875280,1
1374876420,1
1374877560,1
1374877980,1
1374880200,1
1374881880,1
1374882720,2
1374883260,1
1374883920,1
1374884160,1
1374884820,1
1374885180,1
1374887820,2
1374888480,1
1374889080,1
1374889740,1
1374898800,1
1374913500,2
1374913620,3
1374925260,1
1374929880,1
1374931800,1
1374934620,1
1374936720,1
1374936960,2
1374937020,2
1374937080,2
1374937260,2
1374937500,3
1374937980,1
1374938100,1
1374938820,1
1374939480,1
1374940680,1
1374943020,1
1374943800,1
1374943860,1
1374944040,1
1374944160,1
1374944220,2
1374944400,2
1374945060,1
1374945360,1
1374946560,1
1374946740,2
1374948060,2
1374949020,1
1374952380,1
1374953280,1
1374953580,1
1374954000,1
1374954540,1
1374958080,2
1374958740,2
1374960180,1
1374962340,1
1374963360,1
1374964560,1
1374964620,1
1374965580,1
1374966360,1
1374966960,1
1374967680,1
1374967920,1
1374967980,1
1374968880,1
1374971100,1
1374971820,1
1374971880,1
1374973260,1
1374975360,1
1374978960,1
1374980040,1
1374985320,2
1374994500,3
1374994620,3
1374994680,2
1374994740,1
1375011300,1
1375013340,1
1375013940,1
1375016880,1
1375018020,1
1375018080,1
1375021140,1
1375024320,1
1375025940,1
1375026180,1
1375026840,1
1375026960,1
1375027020,1
1375028040,1
1375029840,1
1375032540,1
1375032960,1
1375034520,1
1375037340,1
1375037940,1
1375040160,2
1375043220,1
1375044180,1
1375045680,2
1375045800,1
1375046940,1
1375047120,1
1375054020,1
1375061700,1
1375092120,1
1375092240,1
1375093080,1
1375093380,1
1375095000,1
1375095240,1
1375095360,1
1375095960,1
1375096200,2
1375096440,1
1375096560,1
1375096620,1
1375096800,1
1375097160,1
1375097460,1
1375097520,2
1375098120,1
1375098360,1
1375099020,1
1375099080,1
1375099260,1
1375100340,1
1375100820,1
1375101300,1
1375101660,1
1375101780,1
1375101900,1
1375102200,1
1375102260,1
1375102500,1
1375102740,1
1375103760,1
1375103820,1
1375104840,1
1375104900,1
1375105500,1
1375106280,1
1375106640,1
1375106940,1
1375107180,1
1375107240,1
1375108260,2
1375109220,1
1375110000,1
1375110420,1
1375111260,1
1375112400,1
1375112820,1
1375112940,2
1375113600,1
1375114740,1
1375115220,2
1375115340,2
1375116360,1
1375118040,2
1375119780,1
1375121100,1
1375123440,1
1375123500,2
1375123800,1
1375124040,1
1375126260,1
1375128360,1
1375130760,1
1375133280,1
1375133460,1
1375134240,1
1375135320,1
1375135620,1
1375135800,1
1375139100,1
1375139220,1
1375139280,1
1375139400,1
1375141980,1
1375142520,1
1375142820,1
1375150560,1
1375152540,1
1375153740,1
1375154340,1
1375155600,1
1375156260,1
1375162080,1
1375177260,1
1375178040,1
1375178220,1
1375178400,1
1375178880,2
1375179960,1
1375180440,2
1375180740,1
1375180860,1
1375180920,1
1375181400,1
1375181520,1
1375181640,1
1375182000,1
1375182780,1
1375182840,1
1375183020,2
1375183200,1
1375183380,1
1375183560,1
1375183680,1
1375183980,1
1375184220,1
1375184340,1
1375184940,1
1375185600,1
1375185660,2
1375185720,1
1375185780,1
1375186020,1
1375186980,1
1375187100,1
1375187640,1
1375187760,1
1375188060,1
1375190220,1
1375190880,1
1375191420,1
1375191960,1
1375192200,1
1375192920,1
1375193820,1
1375197540,1
1375198800,2
1375200120,1
1375200480,1
1375200720,1
1375201080,1
1375201260,1
1375202760,1
1375206240,3
1375206900,3
1375208400,1
1375209420,1
1375210200,1
1375210500,1
1375214340,1
1375214880,1
1375215960,1
1375216200,1
1375216500,1
1375217640,1
1375217880,1
1375218060,2
1375219140,2
1375220040,1
1375221540,1
1375221840,1
1375222980,1
1375224660,1
1375225320,1
1375227540,1
1375228200,1
1375230060,1
1375230360,1
1375230540,1
1375233420,1
1375235520,1
1375238400,1
1375241640,1
1375243500,1
1375243800,1
1375250940,2
1375265040,1
1375265520,1
1375266120,2
1375266840,1
1375267200,1
1375267380,1
1375267800,2
1375268400,2
1375269060,1
1375269420,1
1375269720,1
1375269780,1
1375269900,1
1375270080,1
1375271040,2
1375271280,1
1375271340,1
1375271700,1
1375271880,2
1375272000,2
1375272060,1
1375272300,1
1375272420,1
1375272900,2
1375273740,1
1375274160,1
1375274880,1
1375275300,1
1375275720,1
1375275960,1
1375276740,1
1375276980,1
1375277100,1
1375277820,1
1375278420,1
1375278960,1
1375280400,1
1375280880,1
1375281300,1
1375282080,1
1375282980,1
1375283280,1
1375283820,1
1375284480,1
1375285020,1
1375285500,1
1375285620,3
1375286400,1
1375288140,1
1375289460,1
1375289520,1
1375290000,1
1375291440,1
1375292880,1
1375293480,1
1375293600,1
1375293660,1
1375295100,1
1375296540,2
1375297380,1
1375297680,1
1375299120,1
1375299960,1
1375300440,1
1375300560,1
1375300980,1
1375304580,1
1375304820,1
1375305120,1
1375305960,1
1375307220,1
1375309260,1
1375313100,1
1375317060,1
1375318620,1
1375325100,1
1375325220,1
1375347840,1
1375351260,1
1375351740,1
1375351980,1
1375352640,1
1375352760,1
1375353540,1
1375354200,1
1375354920,1
1375355460,1
1375355820,1
1375357080,1
1375357440,1
1375357860,1
1375357920,2
1375358100,1
1375359000,1
1375359180,5
1375359420,1
1375359600,2
1375359720,1
1375359840,1
1375360020,1
1375360260,1
1375360680,1
1375360800,1
1375361160,1
1375362060,1
1375362480,1
1375363140,1
1375363320,1
1375363800,1
1375363920,1
1375364640,1
1375365780,1
1375365900,1
1375365960,2
1375366680,1
1375367760,1
1375368420,1
1375371120,1
1375383840,1
1375392600,1
1375392900,1
1375395720,1
1375396020,1
1375396080,1
1375397220,1
1375397520,1
1375398300,1
1375398900,1
1375399260,1
1375399800,1
1375400220,1
1375400340,1
1375410720,1
1375413600,1
1375413780,1
1375418040,1
1375436760,1
1375439700,1
1375439820,1
1375439880,1
1375440540,1
1375440960,1
1375441620,1
1375442460,1
1375442760,1
1375442820,1
1375442940,1
1375443120,1
1375443360,1
1375443780,2
1375443960,2
1375444140,1
1375444320,1
1375444440,1
1375444500,1
1375444620,1
1375445040,3
1375445220,1
1375445640,1
1375445700,1
1375445760,2
1375445940,1
1375446000,1
1375446180,1
1375447320,1
1375447620,1
1375447980,1
1375451520,1
1375452600,1
1375452960,1
1375453980,1
1375454580,1
1375456980,1
1375458000,1
1375458600,1
1375458780,1
1375459440,1
1375459500,1
1375459680,1
1375460580,1
1375461720,1
1375462380,1
1375462560,1
1375463100,2
1375463280,1
1375464240,1
1375465740,1
1375465980,1
1375468020,1
1375469040,1
1375471140,1
1375471320,1
1375473600,1
1375473780,1
1375473900,1
1375474260,1
1375477260,1
1375478100,1
1375478520,1
1375479000,2
1375479840,1
1375480380,1
1375480620,1
1375481700,1
1375481760,1
1375481820,1
1375483860,1
1375484100,1
1375484400,1
1375487760,1
1375488900,1
1375489320,1
1375491960,1
1375492920,1
1375494900,1
1375497120,1
1375499520,1
1375503420,1
1375503720,1
1375504140,1
1375508160,1
1375519080,1
1375535520,1
1375536060,1
1375536300,1
1375537800,1
1375538520,1
1375539240,3
1375542240,1
1375542720,1
1375545120,1
1375545480,2
1375547700,1
1375548120,1
1375548660,1
1375549440,1
1375550160,1
1375550220,1
1375551000,1
1375553160,1
1375553760,1
1375554420,2
1375556040,2
1375556640,1
1375556760,1
1375557060,1
1375557360,1
1375560180,1
1375563420,1
1375563960,1
1375564680,1
1375565280,1
1375567680,1
1375573140,1
1375573440,1
1375573620,1
1375580340,1
1375589400,2
1375601520,1
1375623180,1
1375623240,6
1375623360,6
1375623420,1
1375624140,1
1375626060,1
1375629060,1
1375629540,1
1375630140,1
1375630500,1
1375630980,1
1375631700,1
1375633920,1
1375633980,1
1375637100,2
1375638180,1
1375638420,1
1375638660,1
1375640760,1
1375641120,1
1375641360,1
1375641480,2
1375643100,1
1375644240,2
1375645140,1
1375646520,2
1375648620,1
1375649520,2
1375649940,1
1375650360,1
1375650720,2
1375651680,1
1375658160,1
1375658220,1
1375660200,2
1375660620,1
1375660680,1
1375663200,1
1375664220,1
1375664340,1
1375665300,1
1375671960,2
1375672080,2
1375674900,1
1375697340,1
1375697640,2
1375697700,1
1375698240,1
1375698840,1
1375699020,1
1375699500,1
1375699620,1
1375699740,1
1375701060,1
1375701420,1
1375701720,1
1375702140,3
1375702440,1
1375702560,1
1375703040,2
1375703340,1
1375703460,1
1375703520,1
1375703700,1
1375703760,1
1375704000,2
1375704180,1
1375704300,1
1375704420,1
1375704480,1
1375704600,1
1375704720,1
1375704900,1
1375705020,1
1375705920,1
1375707060,1
1375707300,1
1375708860,1
1375708980,1
1375709340,1
1375711800,1
1375712400,1
1375715040,1
1375715340,1
1375717380,1
1375718640,1
1375718700,1
1375720620,1
1375722000,1
1375722120,1
1375722240,1
1375722420,1
1375722780,1
1375723680,1
1375723980,1
1375724520,1
1375724700,1
1375724880,1
1375725360,2
1375726560,1
1375726740,2
1375726980,1
1375729800,2
1375730220,1
1375731000,1
1375731540,1
1375732140,1
1375736280,2
1375736820,2
1375737240,2
1375738440,1
1375740240,2
1375740720,1
1375741380,1
1375742460,1
1375742820,1
1375743960,1
1375747380,1
1375747440,1
1375748100,1
1375748400,1
1375748460,1
1375748580,1
1375748820,1
1375749120,1
1375752300,1
1375753200,2
1375754700,2
1375755780,1
1375783380,1
1375783680,1
1375784520,1
1375785060,1
1375785180,1
1375785420,1
1375785540,1
1375785840,1
1375786320,2
1375786500,2
1375787040,2
1375787400,1
1375787520,1
1375787940,1
1375788180,1
1375788300,1
1375788360,1
1375788540,1
1375788660,3
1375789020,1
1375789080,1
1375789140,1
1375789320,1
1375789380,1
1375790040,2
1375790100,1
1375790280,3
1375790460,1
1375790940,1
1375792500,1
1375792740,1
1375792860,1
1375793160,1
1375795500,1
1375796160,1
1375796880,1
1375799460,1
1375801020,1
1375801200,1
1375802580,1
1375803720,1
1375805820,1
1375806060,1
1375806900,1
1375807260,1
1375808340,1
1375808640,1
1375808700,1
1375809360,1
1375810020,2
1375810800,1
1375810920,1
1375811520,1
1375811700,2
1375813440,1
1375814400,1
1375814640,1
1375815060,1
1375815540,1
1375815720,1
1375817520,1
1375818660,1
1375819380,1
1375821720,1
1375822320,1
1375824120,1
1375825440,1
1375826160,1
1375827000,1
1375827060,1
1375828140,1
1375829040,1
1375829760,1
1375830600,1
1375832160,1
1375832640,1
1375833060,1
1375835460,1
1375843080,1
1375843680,1
1375844280,1
1375844460,1
1375849080,1
1375861620,1
1375869540,1
1375870140,1
1375871520,1
1375871760,1
1375872720,1
1375872960,1
1375873440,1
1375873800,1
1375874460,1
1375874700,2
1375874940,1
1375875000,1
1375875300,1
1375875840,1
1375876140,1
1375876380,1
1375876440,1
1375876560,1
1375877160,1
1375877220,1
1375877340,1
1375877940,1
1375878000,1
1375878660,1
1375879080,1
1375879200,1
1375879620,1
1375879980,1
1375880580,2
1375880700,1
1375880820,1
1375880940,1
1375881420,2
1375881780,1
1375884000,1
1375889040,1
1375890060,1
1375890480,1
1375890540,1
1375890840,1
1375890900,1
1375890960,1
1375891080,1
1375891920,1
1375893000,1
1375893660,1
1375894560,1
1375895160,2
1375895580,1
1375895880,2
1375897500,1
1375898520,1
1375900920,1
1375901100,1
1375901640,1
1375901700,1
1375903500,1
1375903680,1
1375905120,1
1375907100,1
1375907280,1
1375908660,1
1375909080,1
1375909860,1
1375910100,1
1375911420,2
1375912500,1
1375913760,1
1375916940,1
1375917180,1
1375919820,1
1375920300,1
1375920720,1
1375921080,1
1375923780,1
1375923840,1
1375926120,1
1375926780,1
1375931220,1
1375935360,1
1375952160,1
1375954260,1
1375956600,1
1375956660,1
1375957020,1
1375957680,1
1375957920,2
1375958040,1
1375958460,1
1375958760,1
1375958820,2
1375959180,1
1375959300,1
1375960320,1
1375960980,1
1375961280,1
1375961820,1
1375962360,1
1375962540,1
1375962720,1
1375962900,1
1375963200,2
1375963680,1
1375964520,1
1375965000,1
1375965420,2
1375965480,1
1375965600,1
1375965840,3
1375965960,3
1375966740,2
1375966980,3
1375967220,1
1375967520,1
1375967760,1
1375968000,1
1375969380,2
1375970160,2
1375970880,1
1375971600,1
1375972440,1
1375973040,1
1375973160,1
1375973580,1
1375973700,1
1375975920,1
1375978380,1
1375978920,1
1375979940,1
1375980180,1
1375980360,1
1375980540,1
1375980780,1
1375981140,1
1375981680,1
1375984080,1
1375985100,1
1375985880,1
1375987080,1
1375987380,1
1375988280,1
1375988520,1
1375989180,1
1375992300,1
1375993080,1
1375993440,1
1375993560,1
1375994220,1
1375994880,1
1375995240,1
1375996440,1
1375996860,1
1375996920,1
1375998420,1
1375998720,1
1375998840,1
1375998900,1
1376000040,2
1376001360,1
1376003760,1
1376005200,1
1376013180,1
1376015340,1
1376018880,1
1376020080,1
1376034600,4
1376046060,1
1376047140,2
1376047500,1
1376048100,1
1376048160,1
1376049180,1
1376049300,1
1376050200,3
1376050680,1
1376051760,1
1376052120,1
1376052360,1
1376052480,2
1376052840,1
1376053020,2
1376053080,1
1376053200,1
1376053620,1
1376054220,1
1376054580,1
1376056140,1
1376057640,1
1376057820,1
1376059080,2
1376060100,1
1376060400,1
1376063400,1
1376064240,1
1376065380,1
1376065980,1
1376066160,1
1376066820,3
1376070240,1
1376070720,1
1376071440,1
1376071740,1
1376074080,1
1376074800,1
1376075220,1
1376077980,1
1376080440,1
1376080680,1
1376081580,1
1376081940,1
1376082780,1
1376082900,1
1376083500,1
1376084100,1
1376084400,2
1376085360,2
1376088120,1
1376088960,1
1376089860,1
1376091300,1
1376095560,1
1376096100,1
1376098200,1
1376100000,2
1376105160,1
1376106120,1
1376114640,1
1376118180,1
1376120520,1
1376120580,2
1376120640,1
1376120700,4
1376120820,3
1376127240,1
1376127300,2
1376127420,4
1376127480,1
1376127540,1
1376127660,2
1376136060,1
1376138760,1
1376140080,1
1376140980,1
1376141340,1
1376141700,1
1376141760,1
1376142420,1
1376144640,1
1376144820,1
1376145240,1
1376145660,1
1376145960,1
1376146680,1
1376147460,3
1376147580,1
1376148300,1
1376149500,2
1376149920,1
1376150280,1
1376150640,1
1376151660,2
1376152080,2
1376152440,2
1376153100,1
1376153220,1
1376153580,1
1376153700,1
1376154360,1
1376154600,1
1376154840,1
1376155380,2
1376155860,1
1376155980,1
1376156460,1
1376157000,1
1376157720,2
1376160120,1
1376160720,1
1376161920,1
1376164080,1
1376167920,1
1376170140,1
1376172000,1
1376172300,2
1376175720,1
1376176080,1
1376179500,1
1376179560,3
1376181240,1
1376188320,1
1376191860,2
1376191920,1
1376194500,1
1376204880,1
1376217660,1
1376222280,1
1376224260,1
1376230680,1
1376230800,1
1376231520,2
1376233200,2
1376233800,1
1376234160,1
1376235540,1
1376235840,1
1376239920,1
1376243460,1
1376243880,1
1376245020,1
1376245320,1
1376245740,1
1376245920,1
1376248920,1
1376250060,1
1376250300,1
1376252340,1
1376253360,1
1376255580,2
1376259060,1
1376260800,1
1376260980,1
1376261880,1
1376262180,1
1376262300,1
1376263260,1
1376263500,1
1376263680,1
1376266500,1
1376266920,2
1376267400,1
1376268600,1
1376268900,2
1376269620,1
1376269920,1
1376276160,1
1376278080,2
1376279940,1
1376285040,1
1376301720,1
1376302440,1
1376303400,1
1376304060,1
1376304360,1
1376304900,2
1376305800,1
1376309700,1
1376309820,1
1376310000,1
1376310840,1
1376311020,1
1376311140,1
1376311500,1
1376311680,1
1376311800,1
1376312040,1
1376312820,1
1376314020,1
1376315760,1
1376316120,1
1376316540,1
1376320980,1
1376321340,2
1376322420,1
1376322600,2
1376323560,1
1376324100,1
1376324640,1
1376324700,1
1376325600,2
1376326380,1
1376326980,1
1376328000,1
1376328180,1
1376328960,1
