datetime,available_bikes
1371150360,0
1371150420,0
1371150480,0
1371150600,0
1371150660,0
1371150720,0
1371150840,0
1371150900,0
1371150960,0
1371151020,0
1371151080,0
1371151140,0
1371151260,0
1371151320,0
1371151380,0
1371151440,0
1371151560,0
1371151620,0
1371151680,0
1371151740,0
1371151800,0
1371151860,0
1371151980,0
1371152040,0
1371152100,0
1371152220,0
1371152340,0
1371152400,0
1371152460,0
1371152520,0
1371152580,0
1371152640,0
1371152700,0
1371152760,0
1371152820,0
1371152880,0
1371152940,0
1371153000,0
1371153060,0
1371153120,0
1371153180,0
1371153240,0
1371153300,0
1371153420,0
1371153540,0
1371153600,0
1371153660,0
1371153780,0
1371153840,0
1371153900,0
1371153960,0
1371154020,0
1371154080,0
1371154140,0
1371154260,0
1371154320,0
1371154380,0
1371154440,0
1371154500,0
1371154560,0
1371154680,0
1371154740,0
1371154800,0
1371154860,0
1371154980,0
1371155040,0
1371155100,0
1371155220,0
1371155280,0
1371155340,0
1371155400,0
1371155520,0
1371155580,0
1371155640,0
1371155700,0
1371155760,0
1371155820,0
1371155880,0
1371155940,0
1371156000,0
1371156060,0
1371156120,0
1371156240,0
1371156300,0
1371156360,0
1371156480,0
1371156540,0
1371156600,0
1371156660,0
1371156720,0
1371156780,0
1371156900,0
1371156960,0
1371157020,0
1371157080,0
1371157140,0
1371157260,0
1371157320,0
1371157380,0
1371157440,0
1371157500,0
1371157560,0
1371157620,0
1371157680,0
1371157740,0
1371157860,0
1371157920,0
1371157980,0
1371158040,0
1371158100,0
1371158160,0
1371158220,0
1371158340,0
1371158400,0
1371158520,0
1371158580,0
1371158640,0
1371158700,0
1371158760,0
1371158880,0
1371158940,0
1371159000,0
1371159060,0
1371159120,0
1371159180,0
1371159240,0
1371159360,0
1371159420,0
1371159480,0
1371159540,0
1371159660,0
1371159720,0
1371159780,0
1371159840,0
1371159900,0
1371159960,0
1371160020,0
1371160080,0
1371160140,0
1371160200,0
1371160320,0
1371160380,0
1371160440,0
1371160500,0
1371160560,0
1371160680,0
1371160740,0
1371160800,0
1371160920,0
1371160980,0
1371161040,0
1371161160,0
1371161280,0
1371161340,0
1371161400,0
1371161460,0
1371161580,0
1371161640,0
1371161700,0
1371161760,0
1371161820,0
1371161880,0
1371161940,0
1371162000,0
1371162120,0
1371162240,0
1371162360,0
1371162420,0
1371162480,0
1371162540,0
1371162600,0
1371162660,0
1371162720,0
1371162780,0
1371162840,0
1371162900,0
1371163020,0
1371163080,0
1371163140,0
1371163200,0
1371163320,0
1371163380,0
1371163440,0
1371163560,0
1371163680,0
1371163740,0
1371163800,0
1371163860,0
1371163980,0
1371164040,0
1371164100,0
1371164160,0
1371164220,0
1371164280,0
1371164340,0
1371164400,0
1371164460,0
1371164580,0
1371164640,0
1371164700,0
1371164760,0
1371164820,0
1371164940,0
1371165000,0
1371165060,0
1371165180,0
1371165240,0
1371165300,0
1371165360,0
1371165480,0
1371165540,0
1371165660,0
1371165780,0
1371165840,0
1371165900,0
1371165960,0
1371166020,0
1371166080,0
1371166140,0
1371166200,0
1371166260,0
1371166320,0
1371166380,0
1371166440,0
1371166500,0
1371166560,0
1371166620,0
1371166680,0
1371166740,0
1371166800,0
1371166860,0
1371166920,0
1371166980,0
1371167040,0
1371167100,0
1371167160,0
1371167280,0
1371167340,0
1371167400,0
1371167460,0
1371167580,0
1371167640,0
1371167700,0
1371167760,0
1371167880,0
1371167940,0
1371168000,0
1371168060,0
1371168180,0
1371168240,0
1371168300,0
1371168360,0
1371168420,0
1371168480,0
1371168540,0
1371168600,0
1371168660,0
1371168720,0
1371168780,0
1371168840,0
1371168900,0
1371169020,0
1371169080,0
1371169140,0
1371169200,0
1371169260,0
1371169320,0
1371169440,0
1371169500,0
1371169560,0
1371169620,0
1371169740,0
1371169800,0
1371169860,0
1371169920,0
1371169980,0
1371170040,0
1371170100,0
1371170160,0
1371170220,0
1371170280,0
1371170340,0
1371170400,0
1371170460,0
1371170520,0
1371170580,0
1371170640,0
1371170700,0
1371170760,0
1371170820,0
1371170880,0
1371170940,0
1371171000,0
1371171060,0
1371171120,0
1371171180,0
1371171240,0
1371171360,0
1371171420,0
1371171480,0
1371171540,0
1371171600,0
1371171660,0
1371171720,0
1371171780,0
1371171840,0
1371171900,0
1371172020,0
1371172080,0
1371172140,0
1371172200,0
1371172320,0
1371172380,0
1371172440,0
1371172500,0
1371172560,0
1371172620,0
1371172680,0
1371172740,0
1371172800,0
1371172860,0
1371172920,0
1371172980,0
1371173100,0
1371173160,0
1371173220,0
1371173280,0
1371173400,0
1371173520,0
1371173640,0
1371173700,0
1371173760,0
1371173820,0
1371173880,0
1371173940,0
1371174000,0
1371174060,0
1371174120,0
1371174180,0
1371174240,0
1371174300,0
1371174360,0
1371174420,0
1371174480,0
1371174600,0
1371174660,0
1371174720,0
1371174780,0
1371174840,0
1371174900,0
1371174960,0
1371175080,0
1371175140,0
1371175200,0
1371175260,0
1371175380,0
1371175440,0
1371175560,0
1371175620,0
1371175680,0
1371175800,0
1371175860,0
1371175980,0
1371176040,0
1371176100,0
1371176160,0
1371176220,0
1371176400,0
1371176460,0
1371176580,0
1371176700,0
1371176760,0
1371176820,0
1371176940,0
1371177000,0
1371177120,0
1371177180,0
1371177240,0
1371177300,0
1371177360,0
1371177420,0
1371177480,0
1371177540,0
1371177600,0
1371177660,0
1371177720,0
1371177780,0
1371177840,0
1371177900,0
1371177960,0
1371178020,0
1371178140,0
1371178200,0
1371178320,0
1371178380,0
1371178440,0
1371178500,0
1371178560,0
1371178620,0
1371178680,0
1371178740,0
1371178800,0
1371178860,0
1371178920,0
1371179040,0
1371179160,0
1371179220,0
1371179280,0
1371179340,0
1371179460,0
1371179520,0
1371179580,0
1371179700,0
1371179760,0
1371179820,0
1371179880,0
1371179940,0
1371180000,0
1371180060,0
1371180120,0
1371180180,0
1371180240,0
1371180300,0
1371180360,0
1371180420,0
1371180480,0
1371180540,0
1371180660,0
1371180720,0
1371180780,0
1371180840,0
1371180900,0
1371180960,0
1371181020,0
1371181080,0
1371181140,0
1371181200,0
1371181320,0
1371181380,0
1371181440,0
1371181500,0
1371181560,0
1371181620,0
1371181680,0
1371181740,0
1371181800,0
1371181860,0
1371181920,0
1371181980,0
1371182040,0
1371182100,0
1371182160,0
1371182220,0
1371182280,0
1371182340,0
1371182400,0
1371182520,0
1371182580,0
1371182640,0
1371182700,0
1371182760,0
1371182820,0
1371182880,0
1371182940,0
1371183000,0
1371183060,0
1371183120,0
1371183240,0
1371183360,0
1371183420,0
1371183480,0
1371183540,0
1371183660,0
1371183720,0
1371183840,0
1371183960,0
1371184020,0
1371184080,0
1371184140,0
1371184200,0
1371184260,0
1371184320,0
1371184380,0
1371184440,0
1371184500,0
1371184560,0
1371184620,0
1371184680,0
1371184740,0
1371184800,0
1371184860,0
1371184980,0
1371185040,0
1371185100,0
1371185220,0
1371185280,0
1371185340,0
1371185400,0
1371185460,0
1371185520,0
1371185580,0
1371185640,0
1371185760,0
1371185820,0
1371185880,0
1371185940,0
1371186000,0
1371186060,0
1371186120,0
1371186240,0
1371186300,0
1371186360,0
1371186420,0
1371186480,0
1371186540,0
1371186600,0
1371186720,0
1371186840,0
1371187020,0
1371187080,0
1371187140,0
1371187200,0
1371187320,0
1371187380,0
1371187440,0
1371187500,0
1371187560,0
1371187620,0
1371187680,0
1371187740,0
1371187800,0
1371187860,0
1371187920,0
1371187980,0
1371188040,0
1371188160,0
1371188280,0
1371188340,0
1371188400,0
1371188520,0
1371188580,0
1371188640,0
1371188700,0
1371188760,0
1371188820,0
1371188880,0
1371188940,0
1371189000,0
1371189180,0
1371189240,0
1371189300,0
1371189360,0
1371189420,0
1371189480,0
1371189600,0
1371189720,0
1371189780,0
1371189840,0
1371189900,0
1371190200,0
1371190380,0
1371190860,0
1371190980,0
1371191100,0
1371191160,0
1371191280,0
1371191460,0
1371191640,0
1371191700,0
1371192240,0
1371192360,0
1371192420,0
1371192480,0
1371192540,0
1371192600,0
1371192660,0
1371192720,0
1371192780,0
1371192840,0
1371192900,0
1371192960,0
1371193020,0
1371193080,0
1371193200,0
1371193860,0
1371193980,0
1371194160,0
1371194220,0
1371194280,0
1371194340,0
1371194400,0
1371194460,0
1371194520,0
1371194580,0
1371194640,0
1371194700,0
1371194760,0
1371194820,0
1371194880,0
1371194940,0
1371195000,0
1371195060,0
1371195120,0
1371195180,0
1371195240,0
1371195300,0
1371195360,0
1371195480,0
1371195660,0
1371195720,0
1371195840,0
1371195900,0
1371195960,0
1371196020,0
1371196080,0
1371196140,0
1371196200,0
1371196260,0
1371196320,0
1371196380,0
1371196500,0
1371196620,0
1371196680,0
1371196740,0
1371196800,0
1371196860,0
1371196920,0
1371196980,0
1371197040,0
1371197100,0
1371197280,0
1371197340,0
1371197400,0
1371197520,0
1371197880,0
1371197940,0
1371198000,0
1371198060,0
1371198120,0
1371198240,0
1371198360,0
1371198420,0
1371198480,0
1371198540,0
1371198600,0
1371198660,0
1371198720,0
1371198780,0
1371198840,0
1371198900,0
1371198960,0
1371199020,0
1371199140,0
1371199200,0
1371199260,0
1371199320,0
1371199500,0
1371199560,0
1371199680,0
1371199740,0
1371199920,0
1371199980,0
1371200100,0
1371200160,0
1371200220,0
1371200280,0
1371200400,0
1371200460,0
1371200580,0
1371200700,0
1371200760,0
1371200820,0
1371200940,0
1371201000,0
1371201120,0
1371201180,0
1371201360,0
1371201420,0
1371201480,0
1371201540,0
1371201600,0
1371202320,0
1371202380,0
1371202500,0
1371202560,0
1371202620,0
1371202680,0
1371202740,0
1371202800,0
1371202860,0
1371202920,0
1371202980,0
1371203100,0
1371203160,0
1371203220,0
1371203340,0
1371203400,0
1371203520,0
1371203580,0
1371203760,0
1371203820,0
1371203880,0
1371204000,0
1371204180,0
1371204240,0
1371204360,0
1371204420,0
1371204480,0
1371204540,0
1371204660,0
1371204720,0
1371204780,0
1371204840,0
1371204900,0
1371205020,0
1371205080,0
1371205200,0
1371205260,0
1371205320,0
1371205380,0
1371205440,0
1371205500,0
1371205560,0
1371205620,0
1371205680,0
1371205740,0
1371205800,0
1371205860,0
1371205920,0
1371205980,0
1371206100,0
1371206160,0
1371206280,0
1371206340,0
1371206400,0
1371206460,0
1371206520,0
1371206580,0
1371206640,0
1371206700,0
1371206760,0
1371206880,0
1371206940,0
1371207000,0
1371207060,0
1371207180,0
1371207240,0
1371207300,0
1371207360,0
1371207480,0
1371207540,0
1371207600,0
1371207660,0
1371207720,0
1371207840,0
1371207900,0
1371207960,0
1371208080,0
1371208140,0
1371208200,0
1371208260,0
1371208380,0
1371208440,0
1371208500,0
1371208560,0
1371208620,0
1371208740,0
1371208800,0
1371208860,0
1371208920,0
1371208980,0
1371209040,0
1371209160,0
1371209220,0
1371209280,0
1371209400,0
1371209460,0
1371209520,0
1371209580,0
1371209640,0
1371209700,0
1371209760,0
1371209880,0
1371209940,0
1371210000,0
1371210120,0
1371210180,0
1371210240,0
1371210300,0
1371210360,0
1371210420,0
1371210480,0
1371210540,0
1371210600,0
1371210660,0
1371210720,0
1371210780,0
1371210840,0
1371210900,0
1371210960,0
1371211020,0
1371211080,0
1371211140,0
1371211260,0
1371211320,0
1371211380,0
1371211440,0
1371211500,0
1371211560,0
1371211620,0
1371211740,0
1371211800,0
1371211860,0
1371211920,0
1371211980,0
1371212100,0
1371212160,0
1371212280,0
1371212400,0
1371212520,0
1371212580,0
1371212640,0
1371212760,0
1371212880,0
1371212940,0
1371213000,0
1371213060,0
1371213120,0
1371213240,0
1371213360,0
1371213420,0
1371213480,0
1371213540,0
1371213600,0
1371213660,0
1371213720,0
1371213780,0
1371213840,0
1371213900,0
1371213960,0
1371214020,0
1371214080,0
1371214140,0
1371214200,0
1371214320,0
1371214380,0
1371214440,0
1371214500,0
1371214560,0
1371214620,0
1371214740,0
1371214860,0
1371214920,0
1371214980,0
1371215100,0
1371215220,0
1371215340,0
1371215400,0
1371215520,0
1371215580,0
1371215640,0
1371215700,0
1371215760,0
1371215880,0
1371216000,0
1371216060,0
1371216180,0
1371216240,0
1371216300,0
1371216360,0
1371216480,0
1371216600,0
1371216660,0
1371216720,0
1371216840,0
1371216900,0
1371216960,0
1371217020,0
1371217140,0
1371217200,0
1371217320,0
1371217440,0
1371217500,0
1371217560,0
1371217620,0
1371217680,0
1371217800,0
1371217860,0
1371217980,0
1371218040,0
1371218160,0
1371218220,0
1371218280,0
1371218340,0
1371218460,0
1371218520,0
1371218580,0
1371218640,0
1371218700,0
1371218760,0
1371218820,0
1371218880,0
1371218940,0
1371219000,0
1371219120,0
1371219180,0
1371219240,0
1371219300,0
1371219360,0
1371219480,0
1371219540,0
1371219600,0
1371219720,0
1371219780,0
1371219840,0
1371219900,0
1371219960,0
1371220020,0
1371220140,0
1371220200,0
1371220260,0
1371220380,0
1371220440,0
1371220500,0
1371220560,0
1371220620,0
1371220680,0
1371220740,0
1371220800,0
1371220860,0
1371220920,0
1371220980,0
1371221040,0
1371221100,0
1371221160,0
1371221220,0
1371221280,0
1371221400,0
1371221460,0
1371221520,0
1371221580,0
1371221640,0
1371221700,0
1371221760,0
1371221820,0
1371221880,0
1371221940,0
1371222000,0
1371222060,0
1371222120,0
1371222180,0
1371222300,0
1371222360,0
1371222420,0
1371222480,0
1371222540,0
1371222600,0
1371222660,0
1371222780,0
1371222840,0
1371222900,0
1371222960,0
1371223020,0
1371223140,0
1371223200,0
1371223320,0
1371223380,0
1371223500,0
1371223560,0
1371223620,0
1371223680,0
1371223740,0
1371223800,0
1371223860,0
1371223980,0
1371224040,0
1371224100,0
1371224160,0
1371224220,0
1371224340,0
1371224400,0
1371224460,0
1371224580,0
1371224700,0
1371224820,0
1371224880,0
1371224940,0
1371225000,0
1371225060,0
1371225120,0
1371225180,0
1371225240,0
1371225300,0
1371225360,0
1371225420,0
1371225480,0
1371225600,0
1371225660,0
1371225720,0
1371225780,0
1371225840,0
1371225900,0
1371225960,0
1371226080,0
1371226200,0
1371226320,0
1371226440,0
1371226500,0
1371226620,0
1371226740,0
1371226860,0
1371226920,0
1371226980,0
1371227100,0
1371227160,0
1371227220,0
1371227280,0
1371227340,0
1371227400,0
1371227460,0
1371227520,0
1371227580,0
1371227640,0
1371227700,0
1371227760,0
1371227880,0
1371227940,0
1371228000,0
1371228060,0
1371228120,0
1371228240,0
1371228300,0
1371228420,0
1371228540,0
1371228600,0
1371228660,0
1371228720,0
1371228840,0
1371228900,0
1371228960,0
1371229020,0
1371229080,0
1371229140,0
1371229200,0
1371229320,0
1371229380,0
1371229440,0
1371229500,0
1371229560,0
1371229620,0
1371229680,0
1371229740,0
1371229860,0
1371229920,0
1371229980,0
1371230040,0
1371230100,0
1371230220,0
1371230280,0
1371230400,0
1371230460,0
1371230520,0
1371230580,0
1371230640,0
1371230760,0
1371230820,0
1371230940,0
1371231060,0
1371231180,0
1371231240,0
1371231360,0
1371231480,0
1371231540,0
1371231660,0
1371231720,0
1371231780,0
1371231840,0
1371231960,0
1371232080,0
1371232140,0
1371232200,0
1371232260,0
1371232380,0
1371232440,0
1371232560,0
1371232620,0
1371232680,0
1371232740,0
1371232860,0
1371232920,0
1371232980,0
1371233100,0
1371233160,0
1371233220,0
1371233280,0
1371233340,0
1371233400,0
1371233460,0
1371233520,0
1371233580,0
1371233640,0
1371233700,0
1371233760,0
1371233820,0
1371233880,0
1371234000,0
1371234120,0
1371234180,0
1371234240,0
1371234300,0
1371234360,0
1371234420,0
1371234480,0
1371234540,0
1371234600,0
1371234660,0
1371234720,0
1371234840,0
1371234900,0
1371234960,0
1371235020,0
1371235080,0
1371235140,0
1371235260,0
1371235320,0
1371235380,0
1371235440,0
1371235500,0
1371235560,0
1371235620,0
1371235680,0
1371235740,0
1371235800,0
1371235860,0
1371235920,0
1371235980,0
1371236040,0
1371236100,0
1371236160,0
1371236220,0
1371236340,0
1371236460,0
1371236520,0
1371236640,0
1371236700,0
1371236760,0
1371236820,0
1371236880,0
1371236940,0
1371237000,0
1371237060,0
1371237180,0
1371237300,0
1371237360,0
1371237480,0
1371237540,0
1371237660,0
1371237780,0
1371237840,0
1371237960,0
1371238020,0
1371238140,0
1371238260,0
1371238320,0
1371238440,0
1371238500,0
1371238560,0
1371238620,0
1371238680,0
1371238800,0
1371238860,0
1371238920,0
1371239040,0
1371239100,0
1371239160,0
1371239280,0
1371239400,0
1371239460,0
1371239580,0
1371239640,0
1371239760,0
1371239820,0
1371239880,0
1371239940,0
1371240000,0
1371240060,0
1371240120,0
1371240180,0
1371240240,0
1371240300,0
1371240420,0
1371240480,0
1371240540,0
1371240600,0
1371240660,0
1371240780,0
1371240840,0
1371240900,0
1371240960,0
1371241080,0
1371241140,0
1371241200,0
1371241260,0
1371241320,0
1371241440,0
1371241500,0
1371241620,0
1371241680,0
1371241800,0
1371241860,0
1371241980,0
1371242100,0
1371242220,0
1371242340,0
1371242460,0
1371242580,0
1371242640,0
1371242760,0
1371242880,0
1371242940,0
1371243060,0
1371243120,0
1371243240,0
1371243300,0
1371243420,0
1371243480,0
1371243600,0
1371243660,0
1371243720,0
1371243780,0
1371243840,0
1371243900,0
1371243960,0
1371244020,0
1371244080,0
1371244140,0
1371244260,0
1371244320,0
1371244380,0
1371244440,0
1371244560,0
1371244620,0
1371244680,0
1371244740,0
1371244800,0
1371244860,0
1371244920,0
1371244980,0
1371245040,0
1371245100,0
1371245160,0
1371245280,0
1371245340,0
1371245400,0
1371245460,0
1371245520,0
1371245580,0
1371245640,0
1371245700,0
1371245760,0
1371245880,0
1371246000,0
1371246060,0
1371246180,0
1371246240,0
1371246300,0
1371246360,0
1371246420,0
1371246540,0
1371246600,0
1371246660,0
1371246780,0
1371246900,0
1371246960,0
1371247020,0
1371247080,0
1371247140,0
1371247200,0
1371247320,0
1371247380,0
1371247440,0
1371247500,0
1371247620,0
1371247680,0
1371247800,0
1371247920,0
1371247980,0
1371248040,0
1371248160,0
1371248220,0
1371248280,0
1371248400,0
1371248460,0
1371248520,0
1371248640,0
1371248700,0
1371248760,0
1371248820,0
1371248880,0
1371249000,0
1371249060,0
1371249120,0
1371249180,0
1371249240,0
1371249300,0
1371249360,0
1371249420,0
1371249480,0
1371249600,0
1371249660,0
1371249720,0
1371249780,0
1371249900,0
1371249960,0
1371250020,0
1371250080,0
1371250140,0
1371250260,0
1371250380,0
1371250440,0
1371250500,0
1371250560,0
1371250680,0
1371250740,0
1371250800,0
1371250920,0
1371250980,0
1371251040,0
1371251100,0
1371251160,0
1371251220,0
1371251340,0
1371251400,0
1371251460,0
1371251520,0
1371251640,0
1371251700,0
1371251760,0
1371251880,0
1371251940,0
1371252000,0
1371252060,0
1371252120,0
1371252180,0
1371252300,0
1371252360,0
1371252420,0
1371252480,0
1371252600,0
1371252660,0
1371252780,0
1371252840,0
1371252900,0
1371252960,0
1371253020,0
1371253080,0
1371253140,0
1371253200,0
1371253320,0
1371253440,0
1371253500,0
1371253620,0
1371253680,0
1371253740,0
1371253800,0
1371253860,0
1371253920,0
1371253980,0
1371254040,0
1371254100,0
1371254220,0
1371254280,0
1371254340,0
1371254400,0
1371254520,0
1371254580,0
1371254640,0
1371254700,0
1371254760,0
1371254880,0
1371254940,0
1371255000,0
1371255060,0
1371255180,0
1371255240,0
1371255360,0
1371255480,0
1371255540,0
1371255600,0
1371255720,0
1371255780,0
1371255840,0
1371255900,0
1371256020,0
1371256140,0
1371256200,0
1371256320,0
1371256380,0
1371256500,0
1371256620,0
1371256680,0
1371256740,0
1371256800,0
1371256860,0
1371256920,0
1371257040,0
1371257160,0
1371257220,0
1371257280,0
1371257340,0
1371257400,0
1371257520,0
1371257640,0
1371257700,0
1371257760,0
1371257880,0
1371257940,0
1371258060,0
1371258120,0
1371258180,0
1371258300,0
1371258360,0
1371258420,0
1371258480,0
1371258540,0
1371258660,0
1371258720,0
1371258780,0
1371258840,0
1371258900,0
1371258960,0
1371259080,0
1371259140,0
1371259260,0
1371259380,0
1371259440,0
1371259500,0
1371259560,0
1371259620,0
1371259680,0
1371259740,0
1371259860,0
1371259920,0
1371259980,0
1371260040,0
1371260100,0
1371260160,0
1371260280,0
1371260340,0
1371260400,0
1371260460,0
1371260580,0
1371260640,0
1371260760,0
1371260820,0
1371260880,0
1371260940,0
1371261060,0
1371261120,0
1371261180,0
1371261240,0
1371261300,0
1371261360,0
1371261420,0
1371261480,0
1371261540,0
1371261600,0
1371261660,0
1371261720,0
1371261840,0
1371261900,0
1371261960,0
1371262020,0
1371262140,0
1371262200,0
1371262260,0
1371262380,0
1371262440,0
1371262500,0
1371262560,0
1371262680,0
1371262740,0
1371262800,0
1371262860,0
1371262980,0
1371263040,0
1371263100,0
1371263220,0
1371263280,0
1371263340,0
1371263460,0
1371263580,0
1371263700,0
1371263760,0
1371263820,0
1371263940,0
1371264000,0
1371264060,0
1371264120,0
1371264180,0
1371264240,0
1371264360,0
1371264420,0
1371264480,0
1371264540,0
1371264600,0
1371264660,0
1371264720,0
1371264780,0
1371264840,0
1371264900,0
1371264960,0
1371265020,0
1371265080,0
1371265200,0
1371265260,0
1371265380,0
1371265440,0
1371265500,0
1371265560,0
1371265620,0
1371265680,0
1371265740,0
1371265800,0
1371265860,0
1371265920,0
1371265980,0
1371266040,0
1371266100,0
1371266160,0
1371266220,0
1371266280,0
1371266340,0
1371266460,0
1371266520,0
1371266580,0
1371266640,0
1371266760,0
1371266820,0
1371266880,0
1371266940,0
1371267000,0
1371267060,0
1371267120,0
1371267180,0
1371267240,0
1371267300,0
1371267360,0
1371267420,0
1371267540,0
1371267660,0
1371267720,0
1371267840,0
1371267900,0
1371267960,0
1371268020,0
1371268080,0
1371268140,0
1371268200,0
1371268260,0
1371268320,0
1371268380,0
1371268440,0
1371268560,0
1371268620,0
1371268680,0
1371268740,0
1371268800,0
1371268860,0
1371268920,0
1371268980,0
1371269100,0
1371269220,0
1371269280,0
1371269340,0
1371269400,0
1371269520,0
1371269580,0
1371269640,0
1371269700,0
1371269760,0
1371269820,0
1371269880,0
1371269940,0
1371270000,0
1371270060,0
1371270180,0
1371270240,0
1371270300,0
1371270420,0
1371270540,0
1371270600,0
1371270660,0
1371270720,0
1371270780,0
1371270840,0
1371270900,0
1371270960,0
1371271020,0
1371271080,0
1371271140,0
1371271200,0
1371271260,0
1371271320,0
1371271380,0
1371271440,0
1371271560,0
1371271620,0
1371271680,0
1371271740,0
1371271800,0
1371271860,0
1371271980,0
1371272040,0
1371272100,0
1371272220,0
1371272280,0
1371272400,0
1371272460,0
1371272520,0
1371272580,0
1371272640,0
1371272700,0
1371272760,0
1371272820,0
1371272880,0
1371272940,0
1371273000,0
1371273060,0
1371273120,0
1371273180,0
1371273240,0
1371273300,0
1371273360,0
1371273420,0
1371273480,0
1371273540,0
1371273600,0
1371273660,0
1371273720,0
1371273780,0
1371273840,0
1371273900,0
1371273960,0
1371274080,0
1371274140,0
1371274200,0
1371274320,0
1371274380,0
1371274440,0
1371274560,0
1371274680,0
1371274740,0
1371274800,0
1371274860,0
1371274980,0
1371275040,0
1371275100,0
1371275220,0
1371275280,0
1371275400,0
1371275460,0
1371275580,0
1371275640,0
1371275700,0
1371275760,0
1371275820,0
1371275880,0
1371276000,0
1371276060,0
1371276120,0
1371276180,0
1371276240,0
1371276300,0
1371276360,0
1371276420,0
1371276480,0
1371276600,0
1371276720,0
1371276840,0
1371276900,0
1371276960,0
1371277020,0
1371277140,0
1371277260,0
1371277320,0
1371277380,0
1371277440,0
1371277500,0
1371277620,0
1371277680,0
1371277740,0
1371277800,0
1371277860,0
1371277980,0
1371278040,0
1371278100,0
1371278220,0
1371278280,0
1371278340,0
1371278460,0
1371278580,0
1371278640,0
1371278700,0
1371278760,0
1371278820,0
1371278880,0
1371278940,0
1371279000,0
1371279060,0
1371279180,0
1371279240,0
1371279300,0
1371279420,0
1371279480,0
1371279540,0
1371279600,0
1371279660,0
1371279780,0
1371279840,0
1371279900,0
1371280020,0
1371280080,0
1371280140,0
1371280200,0
1371280320,0
1371280380,0
1371280440,0
1371280500,0
1371280560,0
1371280620,0
1371280680,0
1371280740,0
1371280860,0
1371280920,0
1371280980,0
1371281040,0
1371281100,0
1371281160,0
1371281220,0
1371281340,0
1371281400,0
1371281520,0
1371281580,0
1371281640,0
1371281700,0
1371281760,0
1371281820,0
1371281880,0
1371281940,0
1371282000,0
1371282120,0
1371282180,0
1371282240,0
1371282300,0
1371282360,0
1371282420,0
1371282540,0
1371282600,0
1371282720,0
1371282780,0
1371282840,0
1371282900,0
1371282960,0
1371283080,0
1371283140,0
1371283200,0
1371283260,0
1371283320,0
1371283440,0
1371283500,0
1371283560,0
1371283680,0
1371283740,0
1371283800,0
1371283860,0
1371283980,0
1371284040,0
1371284100,0
1371284220,0
1371284280,0
1371284340,0
1371284400,0
1371284460,0
1371284520,0
1371284580,0
1371284640,0
1371284700,0
1371284760,0
1371284820,0
1371284880,0
1371284940,0
1371285060,0
1371285120,0
1371285180,0
1371285240,0
1371285300,0
1371285360,0
1371285420,0
1371285480,0
1371285600,0
1371285660,0
1371285720,0
1371285780,0
1371285840,0
1371285900,0
1371285960,0
1371286080,0
1371286140,0
1371286200,0
1371286260,0
1371286380,0
1371286440,0
1371286500,0
1371286560,0
1371286620,0
1371286680,0
1371286740,0
1371286800,0
1371286860,0
1371286920,0
1371286980,0
1371287100,0
1371287220,0
1371287280,0
1371287340,0
1371287400,0
1371287520,0
1371287580,0
1371287640,0
1371287700,0
1371287760,0
1371287880,0
1371287940,0
1371288000,0
1371288600,0
1371288660,0
1371288720,0
1371288780,0
1371288840,0
1371288900,0
1371288960,0
1371289020,0
1371289080,0
1371289140,0
1371289200,0
1371289260,0
1371289380,0
1371289440,0
1371289500,0
1371289620,0
1371289680,0
1371289740,0
1371289800,0
1371289860,0
1371289980,0
1371290040,0
1371290100,0
1371290220,0
1371290280,0
1371290340,0
1371290400,0
1371290520,0
1371290580,0
1371290640,0
1371290700,0
1371290820,0
1371290940,0
1371291000,0
1371291060,0
1371291120,0
1371291180,0
1371291240,0
1371291360,0
1371291480,0
1371291540,0
1371291600,0
1371291660,0
1371291720,0
1371291780,0
1371291840,0
1371291900,0
1371292020,0
1371292080,0
1371292140,0
1371292200,0
1371292320,0
1371292380,0
1371292440,0
1371292500,0
1371292620,0
1371292680,0
1371292800,0
1371292860,0
1371292920,0
1371292980,0
1371293100,0
1371293160,0
1371293220,0
1371293280,0
1371293340,0
1371293400,0
1371293460,0
1371293580,0
1371293640,0
1371293700,0
1371293760,0
1371293820,0
1371293880,0
1371293940,0
1371294000,0
1371294060,0
1371294180,0
1371294240,0
1371294360,0
1371294420,0
1371294480,0
1371294540,0
1371294660,0
1371294720,0
1371294780,0
1371294840,0
1371294900,0
1371295020,0
1371295140,0
1371295200,0
1371295260,0
1371295320,0
1371295380,0
1371295500,0
1371295560,0
1371295620,0
1371295740,0
1371295860,0
1371295920,0
1371295980,0
1371296040,0
1371296160,0
1371296280,0
1371296340,0
1371296460,0
1371296520,0
1371296640,0
1371296700,0
1371296760,0
1371296820,0
1371296940,0
1371297000,0
1371297060,0
1371297120,0
1371297180,0
1371297240,0
1371297300,0
1371297420,0
1371297480,0
1371297540,0
1371297600,0
1371297660,0
1371297720,0
1371297780,0
1371297840,0
1371297960,0
1371298020,0
1371298080,0
1371298140,0
1371298200,0
1371298260,0
1371298320,0
1371298380,0
1371298500,0
1371298560,0
1371298620,0
1371298680,0
1371298740,0
1371298800,0
1371298860,0
1371298920,0
1371298980,0
1371299100,0
1371299160,0
1371299220,0
1371299280,0
1371299400,0
1371299460,0
1371299580,0
1371299640,0
1371299760,0
1371299820,0
1371299880,0
1371299940,0
1371300000,0
1371300120,0
1371300180,0
1371300240,0
1371300300,0
1371300420,0
1371300480,0
1371300540,0
1371300600,0
1371300660,0
1371300720,0
1371300780,0
1371300840,0
1371300900,0
1371300960,0
1371301020,0
1371301080,0
1371301140,0
1371301200,0
1371301260,0
1371301320,0
1371301380,0
1371301440,0
1371301500,0
1371301560,0
1371301620,0
1371301680,0
1371301800,0
1371301860,0
1371301980,0
1371302100,0
1371302160,0
1371302220,0
1371302340,0
1371302400,0
1371302520,0
1371302580,0
1371302640,0
1371302700,0
1371302820,0
1371302880,0
1371303000,0
1371303060,0
1371303180,0
1371303240,0
1371303300,0
1371303420,0
1371303480,0
1371303540,0
1371303600,0
1371303660,0
1371303720,0
1371303780,0
1371303840,0
1371303960,0
1371304020,0
1371304080,0
1371304200,0
1371304260,0
1371304320,0
1371304380,0
1371304500,0
1371304620,0
1371304680,0
1371304740,0
1371304800,0
1371304860,0
1371304980,0
1371305040,0
1371305100,0
1371305220,0
1371305340,0
1371305400,0
1371305460,0
1371305580,0
1371305640,0
1371305700,0
1371305820,0
1371305880,0
1371305940,0
1371306000,0
1371306060,0
1371306180,0
1371306240,0
1371306360,0
1371306480,0
1371306540,0
1371306600,0
1371306720,0
1371306780,0
1371306840,0
1371306960,0
1371307080,0
1371307200,0
1371307260,0
1371307380,0
1371307440,0
1371307560,0
1371307680,0
1371307740,0
1371307800,0
1371307860,0
1371307980,0
1371308040,0
1371308100,0
1371308160,0
1371308220,0
1371308340,0
1371308460,0
1371308520,0
1371308580,0
1371308640,0
1371308700,0
1371308760,0
1371308880,0
1371308940,0
1371309000,0
1371309060,0
1371309180,0
1371309240,0
1371309300,0
1371309420,0
1371309540,0
1371309600,0
1371309660,0
1371309720,0
1371309780,0
1371309840,0
1371309960,0
1371310020,0
1371310080,0
1371310140,0
1371310200,0
1371310260,0
1371310320,0
1371310440,0
1371310560,0
1371310620,0
1371310680,0
1371310740,0
1371310800,0
1371310920,0
1371310980,0
1371311040,0
1371311100,0
1371311160,0
1371311280,0
1371311340,0
1371311400,0
1371311460,0
1371311580,0
1371311640,0
1371311700,0
1371311820,0
1371311940,0
1371312000,0
1371312060,0
1371312120,0
1371312180,0
1371312240,0
1371312360,0
1371312420,0
1371312540,0
1371312600,0
1371312660,0
1371312720,0
1371312780,0
1371312900,0
1371312960,0
1371313020,0
1371313140,0
1371313260,0
1371313380,0
1371313500,0
1371313560,0
1371313620,0
1371313680,0
1371313740,0
1371313800,0
1371313920,0
1371313980,0
1371314040,0
1371314100,0
1371314220,0
1371314280,0
1371314340,0
1371314400,0
1371314460,0
1371314520,0
1371314580,0
1371314640,0
1371314700,0
1371314760,0
1371314820,0
1371314880,0
1371314940,0
1371315000,0
1371315060,0
1371315180,0
1371315240,0
1371315300,0
1371315420,0
1371315480,0
1371315600,0
1371315720,0
1371315840,0
1371315900,0
1371316020,0
1371316140,0
1371316200,0
1371316320,0
1371316380,0
1371316440,0
1371316560,0
1371316620,0
1371316740,0
1371316860,0
1371316920,0
1371317040,0
1371317100,0
1371317220,0
1371317280,0
1371317340,0
1371317400,0
1371317520,0
1371317580,0
1371317640,0
1371317700,0
1371317820,0
1371317880,0
1371318000,0
1371318060,0
1371318120,0
1371318180,0
1371318240,0
1371318300,0
1371318360,0
1371318480,0
1371318540,0
1371318600,0
1371318660,0
1371318720,0
1371318840,0
1371318960,0
1371319020,0
1371319140,0
1371319260,0
1371319320,0
1371319380,0
1371319440,0
1371319500,0
1371319620,0
1371319680,0
1371319740,0
1371319800,0
1371319860,0
1371319920,0
1371319980,0
1371320040,0
1371320100,0
1371320220,0
1371320280,0
1371320340,0
1371320460,0
1371320580,0
1371320700,0
1371320760,0
1371320820,0
1371320940,0
1371321000,0
1371321120,0
1371321180,0
1371321240,0
1371321300,0
1371321420,0
1371321480,0
1371321540,0
1371321600,0
1371321720,0
1371321840,0
1371321900,0
1371321960,0
1371322080,0
1371322140,0
1371322200,0
1371322260,0
1371322380,0
1371322440,0
1371322500,0
1371322620,0
1371322680,0
1371322740,0
1371322800,0
1371322860,0
1371322980,0
1371323040,0
1371323100,0
1371323220,0
1371323280,0
1371323340,0
1371323400,0
1371323460,0
1371323580,0
1371323640,0
1371323700,0
1371323760,0
1371323820,0
1371323940,0
1371324000,0
1371324060,0
1371324180,0
1371324240,0
1371324300,0
1371324420,0
1371324480,0
1371324540,0
1371324660,0
1371324720,0
1371324780,0
1371324900,0
1371325020,0
1371325080,0
1371325140,0
1371325260,0
1371325320,0
1371325380,0
1371325440,0
1371325500,0
1371325620,0
1371325680,0
1371325740,0
1371325800,0
1371325860,0
1371325920,0
1371325980,0
1371326100,0
1371326160,0
1371326220,0
1371326280,0
1371326340,0
1371326460,0
1371326520,0
1371326580,0
1371326640,0
1371326700,0
1371326760,0
1371326880,0
1371327000,0
1371327060,0
1371327120,0
1371327180,0
1371327300,0
1371327360,0
1371327420,0
1371327480,0
1371327600,0
1371327720,0
1371327840,0
1371327900,0
1371328020,0
1371328080,0
1371328200,0
1371328260,0
1371328320,0
1371328440,0
1371328500,0
1371328560,0
1371328620,0
1371328680,0
1371328740,0
1371328800,0
1371328920,0
1371328980,0
1371329040,0
1371329100,0
1371329160,0
1371329220,0
1371329340,0
1371329400,0
1371329520,0
1371329640,0
1371329700,0
1371329820,0
1371329880,0
1371329940,0
1371330000,0
1371330060,0
1371330120,0
1371330180,0
1371330300,0
1371330360,0
1371330480,0
1371330600,0
1371330660,0
1371330720,0
1371330840,0
1371330900,0
1371330960,0
1371331080,0
1371331140,0
1371331200,0
1371331320,0
1371331380,0
1371331440,0
1371331500,0
1371331620,0
1371331680,0
1371331740,0
1371331860,0
1371331920,0
1371332040,0
1371332100,0
1371332160,0
1371332220,0
1371332280,0
1371332340,0
1371332460,0
1371332520,0
1371332580,0
1371332640,0
1371332700,0
1371332760,0
1371332820,0
1371332880,0
1371333000,0
1371333060,0
1371333120,0
1371333180,0
1371333240,0
1371333300,0
1371333360,0
1371333420,0
1371333540,0
1371333600,0
1371333720,0
1371333780,0
1371333840,0
1371333900,0
1371333960,0
1371334080,0
1371334140,0
1371334200,0
1371334260,0
1371334380,0
1371334440,0
1371334500,0
1371334620,0
1371334680,0
1371334800,0
1371334860,0
1371334920,0
1371334980,0
1371335040,0
1371335160,0
1371335280,0
1371335340,0
1371335400,0
1371335460,0
1371335520,0
1371335640,0
1371335760,0
1371335880,0
1371335940,0
1371336000,0
1371336060,0
1371336120,0
1371336240,0
1371336360,0
1371336480,0
1371336540,0
1371336600,0
1371336720,0
1371336780,0
1371336900,0
1371336960,0
1371337020,0
1371337080,0
1371337140,0
1371337260,0
1371337380,0
1371337440,0
1371337500,0
1371337620,0
1371337680,0
1371337740,0
1371337800,0
1371337860,0
1371337920,0
1371337980,0
1371338100,0
1371338220,0
1371338280,0
1371338400,0
1371338520,0
1371338580,0
1371338700,0
1371338760,0
1371338880,0
1371338940,0
1371339060,0
1371339120,0
1371339180,0
1371339240,0
1371339300,0
1371339360,0
1371339420,0
1371339540,0
1371339600,0
1371339660,0
1371339720,0
1371339840,0
1371339900,0
1371340020,0
1371340080,0
1371340140,0
1371340200,0
1371340260,0
1371340320,0
1371340440,0
1371340500,0
1371340620,0
1371340680,0
1371340800,0
1371340860,0
1371340980,0
1371341040,0
1371341160,0
1371341220,0
1371341340,0
1371341400,0
1371341520,0
1371341580,0
1371341640,0
1371341700,0
1371341820,0
1371341880,0
1371341940,0
1371342000,0
1371342060,0
1371342120,0
1371342240,0
1371342360,0
1371342420,0
1371342540,0
1371342600,0
1371342720,0
1371342780,0
1371342840,0
1371342900,0
1371342960,0
1371343020,0
1371343080,0
1371343140,0
1371343200,0
1371343260,0
1371343320,0
1371343380,0
1371343440,0
1371343500,0
1371343560,0
1371343680,0
1371343740,0
1371343800,0
1371343920,0
1371343980,0
1371344040,0
1371344160,0
1371344280,0
1371344340,0
1371344400,0
1371344520,0
1371344580,0
1371344640,0
1371344760,0
1371344820,0
1371344880,0
1371344940,0
1371345000,0
1371345060,0
1371345120,0
1371345180,0
1371345240,0
1371345300,0
1371345360,0
1371345420,0
1371345540,0
1371345600,0
1371345720,0
1371345780,0
1371345840,0
1371345900,0
1371345960,0
1371346080,0
1371346200,0
1371346320,0
1371346380,0
1371346440,0
1371346560,0
1371346620,0
1371346680,0
1371346800,0
1371346860,0
1371346920,0
1371346980,0
1371347040,0
1371347100,0
1371347220,0
1371347340,0
1371347400,0
1371347460,0
1371347520,0
1371347580,0
1371347640,0
1371347700,0
1371347760,0
1371347880,0
1371347940,0
1371348000,0
1371348120,0
1371348180,0
1371348240,0
1371348300,0
1371348360,0
1371348420,0
1371348480,0
1371348600,0
1371348660,0
1371348720,0
1371348780,0
1371348840,0
1371348900,0
1371348960,0
1371349080,0
1371349140,0
1371349200,0
1371349320,0
1371349440,0
1371349560,0
1371349620,0
1371349680,0
1371349740,0
1371349800,0
1371349860,0
1371349980,0
1371350100,0
1371350160,0
1371350280,0
1371350340,0
1371350400,0
1371350520,0
1371350580,0
1371350640,0
1371350700,0
1371350760,0
1371350820,0
1371350880,0
1371350940,0
1371351000,0
1371351060,0
1371351120,0
1371351180,0
1371351240,0
1371351300,0
1371351360,0
1371351420,0
1371351480,0
1371351540,0
1371351660,0
1371351720,0
1371351780,0
1371351840,0
1371351900,0
1371351960,0
1371352080,0
1371352140,0
1371352200,0
1371352320,0
1371352440,0
1371352560,0
1371352620,0
1371352680,0
1371352740,0
1371352800,0
1371352860,0
1371352920,0
1371353040,0
1371353100,0
1371353160,0
1371353280,0
1371353340,0
1371353400,0
1371353520,0
1371353580,0
1371353640,0
1371353700,0
1371353760,0
1371353820,0
1371353880,0
1371353940,0
1371354060,0
1371354180,0
1371354240,0
1371354360,0
1371354420,0
1371354480,0
1371354600,0
1371354660,0
1371354720,0
1371354780,0
1371354840,0
1371354900,0
1371354960,0
1371355020,0
1371355080,0
1371355200,0
1371355260,0
1371355320,0
1371355440,0
1371355500,0
1371355620,0
1371355740,0
1371355800,0
1371355920,0
1371356040,0
1371356100,0
1371356160,0
1371356280,0
1371356340,0
1371356400,0
1371356520,0
1371356640,0
1371356700,0
1371356760,0
1371356820,0
1371356940,0
1371357000,0
1371357120,0
1371357180,0
1371357300,0
1371357360,0
1371357480,0
1371357540,0
1371357600,0
1371357660,0
1371357780,0
1371357840,0
1371357900,0
1371357960,0
1371358080,0
1371358140,0
1371358200,0
1371358260,0
1371358380,0
1371358500,0
1371358560,0
1371358680,0
1371358740,0
1371358800,0
1371358860,0
1371358920,0
1371358980,0
1371359040,0
1371359160,0
1371359220,0
1371359280,0
1371359340,0
1371359460,0
1371359520,0
1371359580,0
1371359640,0
1371359700,0
1371359760,0
1371359880,0
1371359940,0
1371360000,0
1371360060,0
1371360120,0
1371360180,0
1371360240,0
1371360360,0
1371360420,0
1371360480,0
1371360600,0
1371360660,0
1371360780,0
1371360840,0
1371360900,0
1371361020,0
1371361140,0
1371361200,0
1371361260,0
1371361320,0
1371361380,0
1371361500,0
1371361620,0
1371361680,0
1371361740,0
1371361800,0
1371361860,0
1371361920,0
1371362040,0
1371362100,0
1371362160,0
1371362220,0
1371362280,0
1371362340,0
1371362400,0
1371362520,0
1371362580,0
1371362640,0
1371362700,0
1371362760,0
1371362820,0
1371362880,0
1371362940,0
1371363000,0
1371363120,0
1371363180,0
1371363240,0
1371363300,0
1371363420,0
1371363480,0
1371363540,0
1371363600,0
1371363660,0
1371363720,0
1371363780,0
1371363840,0
1371363900,0
1371364020,0
1371364140,0
1371364200,0
1371364260,0
1371364380,0
1371364500,0
1371364560,0
1371364620,0
1371364680,0
1371364740,0
1371364800,0
1371364860,0
1371364980,0
1371365040,0
1371365100,0
1371365160,0
1371365220,0
1371365280,0
1371365400,0
1371365460,0
1371365520,0
1371365580,0
1371365640,0
1371365700,0
1371365820,0
1371365880,0
1371365940,0
1371366060,0
1371366120,0
1371366180,0
1371366240,0
1371366300,0
1371366360,0
1371366480,0
1371366540,0
1371366660,0
1371366780,0
1371366840,0
1371366960,0
1371367020,0
1371367080,0
1371367140,0
1371367200,0
1371367260,0
1371367380,0
1371367500,0
1371367560,0
1371367680,0
1371367740,0
1371367860,0
1371367920,0
1371368040,0
1371368100,0
1371368220,0
1371368340,0
1371368400,0
1371368460,0
1371368520,0
1371368580,0
1371368640,0
1371368700,0
1371368760,0
1371368820,0
1371368880,0
1371368940,0
1371369060,0
1371369180,0
1371369240,0
1371369300,0
1371369360,0
1371369480,0
1371369540,0
1371369660,0
1371369780,0
1371369840,0
1371369900,0
1371370020,0
1371370080,0
1371370140,0
1371370200,0
1371370320,0
1371370440,0
1371370500,0
1371370620,0
1371370680,0
1371370740,0
1371370800,0
1371370860,0
1371370980,0
1371371040,0
1371371100,0
1371371160,0
1371371220,0
1371371280,0
1371371340,0
1371371460,0
1371371580,0
1371371640,0
1371371700,0
1371371760,0
1371371820,0
1371371880,0
1371371940,0
1371372000,0
1371372060,0
1371372120,0
1371372240,0
1371372300,0
1371372420,0
1371372480,0
1371372540,0
1371372660,0
1371372720,0
1371372780,0
1371372840,0
1371372900,0
1371372960,0
1371373020,0
1371373080,0
1371373140,0
1371373260,0
1371373320,0
1371373380,0
1371373440,0
1371373500,0
1371373560,0
1371373620,0
1371373680,0
1371373740,0
1371373800,0
1371373860,0
1371373980,0
1371374040,0
1371374100,0
1371374160,0
1371374280,0
1371375000,0
1371375060,0
1371375120,0
1371375180,0
1371375240,0
1371375300,0
1371375360,0
1371375420,0
1371375540,0
1371375600,0
1371375660,0
1371375780,0
1371375840,0
1371375900,0
1371376020,0
1371376080,0
1371376140,0
1371376200,0
1371376260,0
1371376320,0
1371376380,0
1371376440,0
1371376560,0
1371376620,0
1371376740,0
1371376860,0
1371376920,0
1371376980,0
1371377040,0
1371377100,0
1371377220,0
1371377280,0
1371377340,0
1371377400,0
1371377460,0
1371377580,0
1371377640,0
1371377760,0
1371377820,0
1371377880,0
1371378000,0
1371378060,0
1371378120,0
1371378180,0
1371378240,0
1371378360,0
1371378480,0
1371378540,0
1371378600,0
1371378660,0
1371378720,0
1371378780,0
1371378900,0
1371378960,0
1371379020,0
1371379080,0
1371379200,0
1371379320,0
1371379380,0
1371379440,0
1371379560,0
1371379680,0
1371379740,0
1371379800,0
1371379860,0
1371379920,0
1371379980,0
1371380040,0
1371380100,0
1371380160,0
1371380280,0
1371380340,0
1371380400,0
1371380460,0
1371380520,0
1371380580,0
1371380700,0
1371380760,0
1371380820,0
1371380880,0
1371380940,0
1371381060,0
1371381180,0
1371381240,0
1371381300,0
1371381360,0
1371381480,0
1371381540,0
1371381660,0
1371381720,0
1371381780,0
1371381840,0
1371381900,0
1371382020,0
1371382080,0
1371382140,0
1371382200,0
1371382260,0
1371382320,0
1371382380,0
1371382440,0
1371382560,0
1371382620,0
1371382740,0
1371382800,0
1371382860,0
1371382920,0
1371382980,0
1371383040,0
1371383100,0
1371383160,0
1371383220,0
1371383280,0
1371383340,0
1371383400,0
1371383460,0
1371383520,0
1371383580,0
1371383640,0
1371383760,0
1371383880,0
1371383940,0
1371384000,0
1371384120,0
1371384180,0
1371384240,0
1371384300,0
1371384360,0
1371384420,0
1371384480,0
1371384540,0
1371384660,0
1371384780,0
1371384900,0
1371384960,0
1371385020,0
1371385080,0
1371385140,0
1371385260,0
1371385320,0
1371385380,0
1371385500,0
1371385560,0
1371385620,0
1371385680,0
1371385740,0
1371385800,0
1371385860,0
1371385920,0
1371385980,0
1371386040,0
1371386100,0
1371386220,0
1371386280,0
1371386340,0
1371386400,0
1371386460,0
1371386520,0
1371386580,0
1371386640,0
1371386760,0
1371386820,0
1371386940,0
1371387000,0
1371387060,0
1371387120,0
1371387180,0
1371387240,0
1371387300,0
1371387360,0
1371387420,0
1371387480,0
1371387540,0
1371387660,0
1371387780,0
1371387840,0
1371387900,0
1371387960,0
1371388020,0
1371388080,0
1371388140,0
1371388200,0
1371388260,0
1371388320,0
1371388380,0
1371388440,0
1371388560,0
1371388680,0
1371388800,0
1371388860,0
1371388920,0
1371388980,0
1371389040,0
1371389160,0
1371389280,0
1371389340,0
1371389460,0
1371389580,0
1371389700,0
1371389820,0
1371389880,0
1371390000,0
1371390060,0
1371390120,0
1371390180,0
1371390300,0
1371390360,0
1371390420,0
1371390480,0
1371390600,0
1371390720,0
1371390780,0
1371390900,0
1371390960,0
1371391080,0
1371391140,0
1371391200,0
1371391260,0
1371391320,0
1371391440,0
1371391500,0
1371391560,0
1371391680,0
1371391740,0
1371391800,0
1371391920,0
1371392040,0
1371392100,0
1371392160,0
1371392280,0
1371392400,0
1371392460,0
1371392580,0
1371392640,0
1371392700,0
1371392820,0
1371392880,0
1371392940,0
1371393000,0
1371393060,0
1371393180,0
1371393240,0
1371393300,0
1371393360,0
1371393420,0
1371393480,0
1371393540,0
1371393600,0
1371393660,0
1371393780,0
1371393840,0
1371393900,0
1371393960,0
1371394020,0
1371394080,0
1371394200,0
1371394320,0
1371394380,0
1371394440,0
1371394560,0
1371394620,0
1371394680,0
1371394740,0
1371394860,0
1371394920,0
1371394980,0
1371395100,0
1371395160,0
1371395220,0
1371395280,0
1371395400,0
1371395460,0
1371395580,0
1371395640,0
1371395700,0
1371395820,0
1371395880,0
1371395940,0
1371396000,0
1371396120,0
1371396180,0
1371396240,0
1371396300,0
1371396420,0
1371396480,0
1371396540,0
1371396600,0
1371396720,0
1371396780,0
1371396840,0
1371396960,0
1371397020,0
1371397080,0
1371397200,0
1371397320,0
1371397440,0
1371397500,0
1371397560,0
1371397680,0
1371397740,0
1371397800,0
1371397860,0
1371397980,0
1371398040,0
1371398100,0
1371398220,0
1371398280,0
1371398340,0
1371398400,0
1371398520,0
1371398580,0
1371398700,0
1371398760,0
1371398880,0
1371398940,0
1371399000,0
1371399060,0
1371399180,0
1371399240,0
1371399360,0
1371399480,0
1371399540,0
1371399660,0
1371399780,0
1371399900,0
1371399960,0
1371400020,0
1371400080,0
1371400140,0
1371400200,0
1371400260,0
1371400320,0
1371400380,0
1371400440,0
1371400500,0
1371400620,0
1371400680,0
1371400740,0
1371400860,0
1371400980,0
1371401040,0
1371401100,0
1371401160,0
1371401280,0
1371401340,0
1371401400,0
1371401460,0
1371401580,0
1371401640,0
1371401700,0
1371401760,0
1371401820,0
1371401940,0
1371402000,0
1371402060,0
1371402120,0
1371402240,0
1371402360,0
1371402420,0
1371402480,0
1371402600,0
1371402720,0
1371402780,0
1371402840,0
1371402960,0
1371403020,0
1371403140,0
1371403200,0
1371403320,0
1371403380,0
1371403440,0
1371403560,0
1371403620,0
1371403740,0
1371403860,0
1371403920,0
1371404040,0
1371404100,0
1371404160,0
1371404280,0
1371404340,0
1371404400,0
1371404520,0
1371404580,0
1371404640,0
1371404700,0
1371404820,0
1371404880,0
1371404940,0
1371405000,0
1371405120,0
1371405180,0
1371405240,0
1371405300,0
1371405360,0
1371405420,0
1371405480,0
1371405600,0
1371405720,0
1371405780,0
1371405840,0
1371405960,0
1371406080,0
1371406140,0
1371406260,0
1371406320,0
1371406440,0
1371406500,0
1371406560,0
1371406680,0
1371406800,0
1371406860,0
1371406980,0
1371407040,0
1371407100,0
1371407160,0
1371407220,0
1371407280,0
1371407340,0
1371407460,0
1371407580,0
1371407640,0
1371407700,0
1371407760,0
1371407880,0
1371407940,0
1371408000,0
1371408120,0
1371408180,0
1371408240,0
1371408360,0
1371408420,0
1371408480,0
1371408600,0
1371408660,0
1371408780,0
1371408900,0
1371408960,0
1371409080,0
1371409140,0
1371409260,0
1371409380,0
1371409440,0
1371409500,0
1371409620,0
1371409680,0
1371409740,0
1371409800,0
1371409920,0
1371409980,0
1371410100,0
1371410160,0
1371410220,0
1371410280,0
1371410340,0
1371410460,0
1371410520,0
1371410580,0
1371410640,0
1371410700,0
1371410760,0
1371410820,0
1371410940,0
1371411000,0
1371411120,0
1371411180,0
1371411240,0
1371411300,0
1371411420,0
1371411480,0
1371411540,0
1371411600,0
1371411720,0
1371411780,0
1371411840,0
1371411900,0
1371412020,0
1371412080,0
1371412140,0
1371412200,0
1371412260,0
1371412380,0
1371412440,0
1371412500,0
1371412560,0
1371412680,0
1371412740,0
1371412860,0
1371412920,0
1371412980,0
1371413040,0
1371413100,0
1371413160,0
1371413220,0
1371413340,0
1371413460,0
1371413520,0
1371413640,0
1371413760,0
1371413820,0
1371413880,0
1371414000,0
1371414060,0
1371414120,0
1371414180,0
1371414300,0
1371414360,0
1371414420,0
1371414480,0
1371414540,0
1371414600,0
1371414660,0
1371414780,0
1371414840,0
1371414900,0
1371414960,0
1371415020,0
1371415140,0
1371415200,0
1371415320,0
1371415380,0
1371415500,0
1371415560,0
1371415620,0
1371415680,0
1371415740,0
1371415800,0
1371415920,0
1371415980,0
1371416040,0
1371416160,0
1371416220,0
1371416280,0
1371416400,0
1371416460,0
1371416520,0
1371416580,0
1371416640,0
1371416700,0
1371416760,0
1371416820,0
1371416880,0
1371416940,0
1371417060,0
1371417180,0
1371417240,0
1371417360,0
1371417420,0
1371417480,0
1371417540,0
1371417600,0
1371417660,0
1371417780,0
1371417840,0
1371417900,0
1371418020,0
1371418080,0
1371418140,0
1371418200,0
1371418260,0
1371418320,0
1371418440,0
1371418500,0
1371418620,0
1371418680,0
1371418740,0
1371418860,0
1371418920,0
1371418980,0
1371419040,0
1371419100,0
1371419160,0
1371419280,0
1371419340,0
1371419460,0
1371419580,0
1371419640,0
1371419760,0
1371419820,0
1371419880,0
1371419940,0
1371420000,0
1371420060,0
1371420180,0
1371420240,0
1371420360,0
1371420420,0
1371420540,0
1371420600,0
1371420660,0
1371420780,0
1371420840,0
1371420900,0
1371420960,0
1371421020,0
1371421140,0
1371421200,0
1371421260,0
1371421320,0
1371421380,0
1371421440,0
1371421500,0
1371421560,0
1371421620,0
1371421680,0
1371421740,0
1371421800,0
1371421860,0
1371421980,0
1371422040,0
1371422100,0
1371422160,0
1371422220,0
1371422280,0
1371422400,0
1371422460,0
1371422520,0
1371422640,0
1371422700,0
1371422820,0
1371422880,0
1371422940,0
1371423000,0
1371423120,0
1371423180,0
1371423240,0
1371423300,0
1371423360,0
1371423420,0
1371423480,0
1371423540,0
1371423600,0
1371423660,0
1371423780,0
1371423840,0
1371423900,0
1371423960,0
1371424080,0
1371424140,0
1371424200,0
1371424260,0
1371424320,0
1371424380,0
1371424440,0
1371424500,0
1371424560,0
1371424620,0
1371424680,0
1371424800,0
1371424860,0
1371424920,0
1371424980,0
1371425040,0
1371425100,0
1371425160,0
1371425220,0
1371425280,0
1371425400,0
1371425460,0
1371425520,0
1371425580,0
1371425640,0
1371425760,0
1371425880,0
1371425940,0
1371426060,0
1371426120,0
1371426180,0
1371426240,0
1371426300,0
1371426360,0
1371426480,0
1371426540,0
1371426600,0
1371426660,0
1371426720,0
1371426780,0
1371426900,0
1371426960,0
1371427020,0
1371427080,0
1371427140,0
1371427200,0
1371427320,0
1371427380,0
1371427500,0
1371427560,0
1371427620,0
1371427680,0
1371427800,0
1371427920,0
1371427980,0
1371428040,0
1371428100,0
1371428160,0
1371428280,0
1371428340,0
1371428400,0
1371428520,0
1371428580,0
1371428640,0
1371428700,0
1371428820,0
1371428880,0
1371429000,0
1371429060,0
1371429120,0
1371429180,0
1371429240,0
1371429360,0
1371429480,0
1371429540,0
1371429600,0
1371429720,0
1371429780,0
1371429840,0
1371429900,0
1371429960,0
1371430020,0
1371430080,0
1371430140,0
1371430200,0
1371430260,0
1371430320,0
1371430380,0
1371430440,0
1371430500,0
1371430560,0
1371430680,0
1371430740,0
1371430800,0
1371430920,0
1371430980,0
1371431040,0
1371431100,0
1371431220,0
1371431280,0
1371431340,0
1371431400,0
1371431520,0
1371431580,0
1371431640,0
1371431700,0
1371431820,0
1371431880,0
1371431940,0
1371432000,0
1371432060,0
1371432120,0
1371432240,0
1371432300,0
1371432420,0
1371432480,0
1371432540,0
1371432660,0
1371432720,0
1371432780,0
1371432840,0
1371432960,0
1371433080,0
1371433140,0
1371433200,0
1371433320,0
1371433440,0
1371433500,0
1371433620,0
1371433680,0
1371433740,0
1371433800,0
1371433860,0
1371433980,0
1371434040,0
1371434160,0
1371434220,0
1371434280,0
1371434340,0
1371434400,0
1371434460,0
1371434520,0
1371434640,0
1371434760,0
1371434820,0
1371434880,0
1371434940,0
1371435060,0
1371435180,0
1371435240,0
1371435300,0
1371435360,0
1371435480,0
1371435540,0
1371435600,0
1371435660,0
1371435780,0
1371435840,0
1371435900,0
1371435960,0
1371436080,0
1371436140,0
1371436260,0
1371436380,0
1371436440,0
1371436500,0
1371436560,0
1371436620,0
1371436740,0
1371436800,0
1371436920,0
1371437040,0
1371437100,0
1371437220,0
1371437280,0
1371437340,0
1371437400,0
1371437520,0
1371437580,0
1371437700,0
1371437820,0
1371437940,0
1371438000,0
1371438060,0
1371438120,0
1371438240,0
1371438360,0
1371438420,0
1371438480,0
1371438540,0
1371438600,0
1371438660,0
1371438780,0
1371438840,0
1371438900,0
1371438960,0
1371439080,0
1371439140,0
1371439200,0
1371439320,0
1371439380,0
1371439440,0
1371439500,0
1371439620,0
1371439680,0
1371439740,0
1371439800,0
1371439860,0
1371439980,0
1371440040,0
1371440100,0
1371440220,0
1371440280,0
1371440340,0
1371440400,0
1371440460,0
1371440520,0
1371440580,0
1371440640,0
1371440700,0
1371440820,0
1371440880,0
1371440940,0
1371441000,0
1371441060,0
1371441180,0
1371441240,0
1371441300,0
1371441420,0
1371441480,0
1371441540,0
1371441600,0
1371441660,0
1371441720,0
1371441840,0
1371441900,0
1371442020,0
1371442080,0
1371442140,0
1371442200,0
1371442260,0
1371442380,0
1371442440,0
1371442500,0
1371442620,0
1371442680,0
1371442800,0
1371442860,0
1371442920,0
1371442980,0
1371443040,0
1371443160,0
1371443220,0
1371443280,0
1371443400,0
1371443520,0
1371443580,0
1371443640,0
1371443700,0
1371443760,0
1371443820,0
1371443880,0
1371444000,0
1371444060,0
1371444120,0
1371444240,0
1371444360,0
1371444420,0
1371444480,0
1371444540,0
1371444600,0
1371444660,0
1371444720,0
1371444840,0
1371444900,0
1371445020,0
1371445080,0
1371445200,0
1371445260,0
1371445320,0
1371445380,0
1371445440,0
1371445500,0
1371445560,0
1371445620,0
1371445680,0
1371445740,0
1371445800,0
1371445860,0
1371445980,0
1371446040,0
1371446100,0
1371446160,0
1371446220,0
1371446280,0
1371446400,0
1371446460,0
1371446580,0
1371446640,0
1371446760,0
1371446820,0
1371446880,0
1371447000,0
1371447060,0
1371447120,0
1371447240,0
1371447300,0
1371447420,0
1371447480,0
1371447540,0
1371447600,0
1371447720,0
1371447780,0
1371447840,0
1371447900,0
1371447960,0
1371448020,0
1371448080,0
1371448140,0
1371448200,0
1371448320,0
1371448380,0
1371448440,0
1371448500,0
1371448560,0
1371448620,0
1371448680,0
1371448740,0
1371448800,0
1371448920,0
1371448980,0
1371449040,0
1371449100,0
1371449220,0
1371449340,0
1371449400,0
1371449460,0
1371449520,0
1371449580,0
1371449640,0
1371449760,0
1371449880,0
1371449940,0
1371450000,0
1371450060,0
1371450120,0
1371450180,0
1371450240,0
1371450300,0
1371450360,0
1371450420,0
1371450540,0
1371450600,0
1371450720,0
1371450780,0
1371450900,0
1371450960,0
1371451080,0
1371451200,0
1371451260,0
1371451320,0
1371451380,0
1371451560,0
1371451620,0
1371451680,0
1371451740,0
1371451800,0
1371451920,0
1371451980,0
1371452100,0
1371452160,0
1371452280,0
1371452340,0
1371452400,0
1371452520,0
1371452580,0
1371452640,0
1371452760,0
1371452820,0
1371452880,0
1371452940,0
1371453000,0
1371453060,0
1371453120,0
1371453240,0
1371453480,0
1371453540,0
1371453600,0
1371453660,0
1371453720,0
1371453840,0
1371453900,0
1371454020,0
1371454080,0
1371454140,0
1371454200,0
1371454320,0
1371454440,0
1371454560,0
1371454620,0
1371454680,0
1371454740,0
1371454800,0
1371454920,0
1371454980,0
1371455040,0
1371455160,0
1371455220,0
1371455280,0
1371455340,0
1371455400,0
1371455460,0
1371455580,0
1371455760,0
1371455820,0
1371456000,0
1371456060,0
1371456120,0
1371456180,0
1371456240,0
1371456360,0
1371456420,0
1371456480,0
1371456540,0
1371456660,0
1371456780,0
1371456840,0
1371456900,0
1371457020,0
1371457080,0
1371457140,0
1371457200,0
1371457260,0
1371457320,0
1371457380,0
1371457440,0
1371457560,0
1371457620,0
1371457680,0
1371457740,0
1371457800,0
1371457860,0
1371457920,0
1371457980,0
1371458100,0
1371458160,0
1371458220,0
1371458280,0
1371458340,0
1371458460,0
1371458580,0
1371458640,0
1371458700,0
1371458760,0
1371458820,0
1371458880,0
1371458940,0
1371459000,0
1371459060,0
1371459180,0
1371459240,0
1371459300,0
1371459420,0
1371459480,0
1371459540,0
1371459660,0
1371459720,0
1371459780,0
1371459840,0
1371459900,0
1371459960,0
1371460020,0
1371460080,0
1371460200,0
1371460260,0
1371460380,0
1371460500,0
1371460620,0
1371460680,0
1371460740,0
1371461400,0
1371461460,0
1371461580,0
1371461640,0
1371461760,0
1371461880,0
1371461940,0
1371462000,0
1371462120,0
1371462180,0
1371462240,0
1371462360,0
1371462420,0
1371462480,0
1371462540,0
1371462660,0
1371462720,0
1371462780,0
1371462840,0
1371462960,0
1371463020,0
1371463080,0
1371463140,0
1371463200,0
1371463260,0
1371463380,0
1371463440,0
1371463500,0
1371463620,0
1371463680,0
1371463740,0
1371463860,0
1371463920,0
1371463980,0
1371464040,0
1371464100,0
1371464160,0
1371464220,0
1371464280,0
1371464340,0
1371464400,0
1371464520,0
1371464580,0
1371464640,0
1371464700,0
1371464760,0
1371464820,0
1371464940,0
1371465000,0
1371465120,0
1371465180,0
1371465240,0
1371465300,0
1371465360,0
1371465420,0
1371465480,0
1371465540,0
1371465600,0
1371465660,0
1371465780,0
1371465840,0
1371465900,0
1371466020,0
1371466080,0
1371466140,0
1371466200,0
1371466260,0
1371466380,0
1371466440,0
1371466500,0
1371466620,0
1371466680,0
1371466740,0
1371466860,0
1371466920,0
1371467040,0
1371467100,0
1371467160,0
1371467220,0
1371467280,0
1371467340,0
1371467460,0
1371467520,0
1371467580,0
1371467700,0
1371467760,0
1371467820,0
1371467880,0
1371467940,0
1371468060,0
1371468120,0
1371468180,0
1371468240,0
1371468360,0
1371468480,0
1371468540,0
1371468600,0
1371468720,0
1371468780,0
1371468840,0
1371468960,0
1371469080,0
1371469140,0
1371469200,0
1371469260,0
1371469380,0
1371469440,0
1371469560,0
1371469620,0
1371469740,0
1371469800,0
1371469920,0
1371469980,0
1371470040,0
1371470160,0
1371470220,0
1371470280,0
1371470340,0
1371470460,0
1371470520,0
1371470580,0
1371470640,0
1371470700,0
1371470760,0
1371470820,0
1371470940,0
1371471000,0
1371471120,0
1371471180,0
1371471240,0
1371471360,0
1371471420,0
1371471540,0
1371471600,0
1371471720,0
1371471780,0
1371471840,0
1371471960,0
1371472020,0
1371472140,0
1371472200,0
1371472260,0
1371472320,0
1371472440,0
1371472500,0
1371472620,0
1371472680,0
1371472800,0
1371472860,0
1371472980,0
1371473040,0
1371473100,0
1371473160,0
1371473220,0
1371473340,0
1371473400,0
1371473460,0
1371473580,0
1371473640,0
1371473760,0
1371473820,0
1371473880,0
1371473940,0
1371474060,0
1371474120,0
1371474180,0
1371474240,0
1371474300,0
1371474420,0
1371474540,0
1371474660,0
1371474720,0
1371474780,0
1371474840,0
1371474960,0
1371475080,0
1371475140,0
1371475200,0
1371475260,0
1371475380,0
1371475440,0
1371475560,0
1371475620,0
1371475680,0
1371475800,0
1371475920,0
1371475980,0
1371476040,0
1371476100,0
1371476220,0
1371476280,0
1371476340,0
1371476400,0
1371476460,0
1371476520,0
1371476580,0
1371476640,0
1371476700,0
1371476820,0
1371476880,0
1371476940,0
1371477060,0
1371477180,0
1371477240,0
1371477300,0
1371477420,0
1371477480,0
1371477600,0
1371477660,0
1371477720,0
1371477840,0
1371477900,0
1371477960,0
1371478080,0
1371478140,0
1371478200,0
1371478260,0
1371478380,0
1371478440,0
1371478500,0
1371478560,0
1371478680,0
1371478740,0
1371478800,0
1371478860,0
1371478920,0
1371479040,0
1371479100,0
1371479160,0
1371479280,0
1371479340,0
1371479400,0
1371479520,0
1371479580,0
1371479640,0
1371479700,0
1371479760,0
1371479880,0
1371479940,0
1371480000,0
1371480060,0
1371480120,0
1371480180,0
1371480240,0
1371480360,0
1371480420,0
1371480540,0
1371480660,0
1371480720,0
1371480840,0
1371480960,0
1371481080,0
1371481140,0
1371481200,0
1371481260,0
1371481320,0
1371481380,0
1371481440,0
1371481500,0
1371481620,0
1371481740,0
1371481800,0
1371481860,0
1371481980,0
1371482040,0
1371482160,0
1371482280,0
1371482340,0
1371482460,0
1371482580,0
1371482640,0
1371482760,0
1371482880,0
1371482940,0
1371483000,0
1371483060,0
1371483120,0
1371483180,0
1371483240,0
1371483300,0
1371483360,0
1371483480,0
1371483540,0
1371483600,0
1371483660,0
1371483780,0
1371483840,0
1371483900,0
1371484020,0
1371484080,0
1371484140,0
1371484260,0
1371484320,0
1371484380,0
1371484440,0
1371484560,0
1371484680,0
1371484740,0
1371484800,0
1371484920,0
1371484980,0
1371485040,0
1371485100,0
1371485160,0
1371485280,0
1371485400,0
1371485520,0
1371485640,0
1371485700,0
1371485760,0
1371485820,0
1371485940,0
1371486060,0
1371486120,0
1371486180,0
1371486240,0
1371486360,0
1371486420,0
1371486480,0
1371486540,0
1371486600,0
1371486660,0
1371486780,0
1371486840,0
1371486960,0
1371487080,0
1371487140,0
1371487260,0
1371487320,0
1371487380,0
1371487500,0
1371487560,0
1371487680,0
1371487740,0
1371487800,0
1371487860,0
1371487920,0
1371488040,0
1371488100,0
1371488220,0
1371488280,0
1371488340,0
1371488400,0
1371488460,0
1371488520,0
1371488580,0
1371488640,0
1371488700,0
1371488820,0
1371488940,0
1371489060,0
1371489120,0
1371489180,0
1371489240,0
1371489300,0
1371489420,0
1371489540,0
1371489600,0
1371489720,0
1371489780,0
1371489840,0
1371489900,0
1371489960,0
1371490080,0
1371490140,0
1371490200,0
1371490260,0
1371490380,0
1371490500,0
1371490560,0
1371490680,0
1371490740,0
1371490800,0
1371490860,0
1371490980,0
1371491040,0
1371491100,0
1371491160,0
1371491280,0
1371491340,0
1371491460,0
1371491580,0
1371491640,0
1371491760,0
1371491820,0
1371491880,0
1371492000,0
1371492060,0
1371492180,0
1371492300,0
1371492360,0
1371492480,0
1371492600,0
1371492660,0
1371492720,0
1371492780,0
1371492900,0
1371492960,0
1371493080,0
1371493140,0
1371493260,0
1371493320,0
1371493440,0
1371493500,0
1371493620,0
1371493680,0
1371493740,0
1371493860,0
1371493980,0
1371494040,0
1371494100,0
1371494220,0
1371494280,0
1371494340,0
1371494460,0
1371494520,0
1371494580,0
1371494640,0
1371494700,0
1371494760,0
1371494880,0
1371494940,0
1371495000,0
1371495060,0
1371495120,0
1371495240,0
1371495300,0
1371495360,0
1371495420,0
1371495480,0
1371495600,0
1371495660,0
1371495720,0
1371495780,0
1371495840,0
1371495900,0
1371495960,0
1371496080,0
1371496140,0
1371496200,0
1371496260,0
1371496380,0
1371496440,0
1371496560,0
1371496620,0
1371496680,0
1371496740,0
1371496860,0
1371496920,0
1371497040,0
1371497100,0
1371497160,0
1371497220,0
1371497280,0
1371497340,0
1371497400,0
1371497520,0
1371497640,0
1371497760,0
1371497880,0
1371498000,0
1371498120,0
1371498240,0
1371498360,0
1371498420,0
1371498480,0
1371498540,0
1371498600,0
1371498660,0
1371498780,0
1371498840,0
1371498960,0
1371499080,0
1371499140,0
1371499200,0
1371499260,0
1371499320,0
1371499380,0
1371499440,0
1371499560,0
1371499680,0
1371499740,0
1371499860,0
1371499980,0
1371500100,0
1371500160,0
1371500220,0
1371500280,0
1371500340,0
1371500400,0
1371500460,0
1371500580,0
1371500640,0
1371500700,0
1371500760,0
1371500820,0
1371500940,0
1371501000,0
1371501060,0
1371501180,0
1371501300,0
1371501360,0
1371501420,0
1371501480,0
1371501660,0
1371501720,0
1371501780,0
1371501840,0
1371501900,0
1371501960,0
1371502080,0
1371502140,0
1371502200,0
1371502260,0
1371502320,0
1371502380,0
1371502440,0
1371502500,0
1371502620,0
1371502680,0
1371502740,0
1371502800,0
1371502920,0
1371502980,0
1371503040,0
1371503100,0
1371503160,0
1371503280,0
1371503340,0
1371503460,0
1371503580,0
1371503700,0
1371503820,0
1371503880,0
1371503940,0
1371504060,0
1371504180,0
1371504240,0
1371504300,0
1371504420,0
1371504480,0
1371504600,0
1371504720,0
1371504780,0
1371504840,0
1371504900,0
1371505020,0
1371505140,0
1371505200,0
1371505260,0
1371505380,0
1371505440,0
1371505500,0
1371505620,0
1371505680,0
1371505740,0
1371505800,0
1371505920,0
1371506040,0
1371506160,0
1371506220,0
1371506280,0
1371506400,0
1371506460,0
1371506520,0
1371506580,0
1371506640,0
1371506700,0
1371506820,0
1371506940,0
1371507060,0
1371507120,0
1371507240,0
1371507300,0
1371507360,0
1371507420,0
1371507540,0
1371507600,0
1371507660,0
1371507780,0
1371507840,0
1371507900,0
1371508020,0
1371508080,0
1371508140,0
1371508200,0
1371508320,0
1371508380,0
1371508440,0
1371508560,0
1371508620,0
1371508680,0
1371508740,0
1371508800,0
1371508860,0
1371508920,0
1371508980,0
1371509100,0
1371509160,0
1371509220,0
1371509340,0
1371509400,0
1371509520,0
1371509580,0
1371509700,0
1371509760,0
1371509880,0
1371510000,0
1371510060,0
1371510180,0
1371510240,0
1371510360,0
1371510480,0
1371510540,0
1371510600,0
1371510660,0
1371510780,0
1371510840,0
1371510900,0
1371510960,0
1371511020,0
1371511080,0
1371511200,0
1371511260,0
1371511320,0
1371511380,0
1371511500,0
1371511560,0
1371511620,0
1371511680,0
1371511740,0
1371511800,0
1371511920,0
1371511980,0
1371512040,0
1371512100,0
1371512220,0
1371512280,0
1371512400,0
1371512460,0
1371512520,0
1371512640,0
1371512760,0
1371512880,0
1371512940,0
1371513060,0
1371513120,0
1371513240,0
1371513360,0
1371513420,0
1371513480,0
1371513540,0
1371513600,0
1371513720,0
1371513840,0
1371513900,0
1371514020,0
1371514140,0
1371514200,0
1371514260,0
1371514320,0
1371514380,0
1371514440,0
1371514500,0
1371514620,0
1371514680,0
1371514740,0
1371514800,0
1371514920,0
1371514980,0
1371515100,0
1371515220,0
1371515280,0
1371515340,0
1371515400,0
1371515460,0
1371515580,0
1371515640,0
1371515700,0
1371515820,0
1371515880,0
1371516000,0
1371516060,0
1371516120,0
1371516240,0
1371516300,0
1371516360,0
1371516420,0
1371516480,0
1371516540,0
1371516660,0
1371516720,0
1371516780,0
1371516840,0
1371516900,0
1371516960,0
1371517020,0
1371517080,0
1371517140,0
1371517260,0
1371517320,0
1371517440,0
1371517500,0
1371517560,0
1371517620,0
1371517740,0
1371517800,0
1371517860,0
1371517920,0
1371518040,0
1371518100,0
1371518160,0
1371518220,0
1371518280,0
1371518400,0
1371518460,0
1371518520,0
1371518640,0
1371518760,0
1371518820,0
1371518940,0
1371519000,0
1371519060,0
1371519120,0
1371519180,0
1371519240,0
1371519360,0
1371519420,0
1371519480,0
1371519540,0
1371519660,0
1371519780,0
1371519900,0
1371519960,0
1371520080,0
1371520200,0
1371520260,0
1371520380,0
1371520440,0
1371520560,0
1371520620,0
1371520680,0
1371520800,0
1371520860,0
1371520920,0
1371521040,0
1371521100,0
1371521220,0
1371521280,0
1371521340,0
1371521460,0
1371521520,0
1371521580,0
1371521640,0
1371521700,0
1371521760,0
1371521820,0
1371521940,0
1371522000,0
1371522060,0
1371522120,0
1371522240,0
1371522360,0
1371522420,0
1371522480,0
1371522600,0
1371522660,0
1371522720,0
1371522840,0
1371522960,0
1371523080,0
1371523140,0
1371523200,0
1371523260,0
1371523320,0
1371523380,0
1371523500,0
1371523560,0
1371523620,0
1371523680,0
1371523740,0
1371523800,0
1371523920,0
1371524040,0
1371524100,0
1371524220,0
1371524280,0
1371524400,0
1371524460,0
1371524580,0
1371524640,0
1371524700,0
1371524760,0
1371524880,0
1371524940,0
1371525000,0
1371525060,0
1371525180,0
1371525240,0
1371525300,0
1371525360,0
1371525420,0
1371525480,0
1371525540,0
1371525600,0
1371525720,0
1371525840,0
1371525960,0
1371526020,0
1371526080,0
1371526140,0
1371526260,0
1371526380,0
1371526440,0
1371526500,0
1371526560,0
1371526680,0
1371526740,0
1371526860,0
1371526980,0
1371527100,0
1371527160,0
1371527220,0
1371527280,0
1371527340,0
1371527400,0
1371527520,0
1371527580,0
1371527700,0
1371527760,0
1371527820,0
1371527880,0
1371527940,0
1371528060,0
1371528120,0
1371528180,0
1371528240,0
1371528300,0
1371528420,0
1371528480,0
1371528540,0
1371528600,0
1371528660,0
1371528780,0
1371528840,0
1371528900,0
1371528960,0
1371529020,0
1371529080,0
1371529200,0
1371529320,0
1371529440,0
1371529500,0
1371529560,0
1371529620,0
1371529680,0
1371529740,0
1371529800,0
1371529860,0
1371529920,0
1371529980,0
1371530040,0
1371530100,0
1371530220,0
1371530280,0
1371530340,0
1371530400,0
1371530460,0
1371530580,0
1371530700,0
1371530760,0
1371530820,0
1371530880,0
1371531000,0
1371531060,0
1371531120,0
1371531180,0
1371531240,0
1371531300,0
1371531420,0
1371531480,0
1371531540,0
1371531660,0
1371531720,0
1371531780,0
1371531840,0
1371531960,0
1371532020,0
1371532080,0
1371532140,0
1371532200,0
1371532260,0
1371532380,0
1371532440,0
1371532560,0
1371532620,0
1371532680,0
1371532740,0
1371532800,0
1371532860,0
1371532920,0
1371532980,0
1371533040,0
1371533100,0
1371533160,0
1371533220,0
1371533280,0
1371533340,0
1371533460,0
1371533520,0
1371533580,0
1371533700,0
1371533760,0
1371533880,0
1371533940,0
1371534000,0
1371534120,0
1371534180,0
1371534240,0
1371534300,0
1371534360,0
1371534420,0
1371534540,0
1371534660,0
1371534720,0
1371534840,0
1371534900,0
1371534960,0
1371535020,0
1371535140,0
1371535260,0
1371535320,0
1371535380,0
1371535440,0
1371535560,0
1371535680,0
1371535800,0
1371535860,0
1371535920,0
1371535980,0
1371536160,0
1371536220,0
1371536280,0
1371536400,0
1371536460,0
1371536580,0
1371536640,0
1371536700,0
1371536820,0
1371536880,0
1371536940,0
1371537060,0
1371537120,0
1371537180,0
1371537240,0
1371537360,0
1371537420,0
1371537480,0
1371537540,0
1371537600,0
1371537720,0
1371537780,0
1371537840,0
1371537900,0
1371537960,0
1371538020,0
1371538080,0
1371538200,0
1371538320,0
1371538380,0
1371538440,0
1371538560,0
1371538620,0
1371538680,0
1371538740,0
1371538800,0
1371538920,0
1371538980,0
1371539100,0
1371539160,0
1371539280,0
1371539340,0
1371539400,0
1371539520,0
1371539580,0
1371539640,0
1371539760,0
1371539820,0
1371539880,0
1371540000,0
1371540060,0
1371540180,0
1371540300,0
1371540360,0
1371540420,0
1371540480,0
1371540600,0
1371540660,0
1371540720,0
1371540780,0
1371540960,0
1371541080,0
1371541140,0
1371541200,0
1371541320,0
1371541380,0
1371541440,0
1371541500,0
1371541560,0
1371541620,0
1371541680,0
1371541740,0
1371541800,0
1371541860,0
1371541920,0
1371541980,0
1371542040,0
1371542100,0
1371542220,0
1371542280,0
1371542340,0
1371542400,0
1371542520,0
1371542580,0
1371542640,0
1371542700,0
1371542760,0
1371542820,0
1371542880,0
1371542940,0
1371543060,0
1371543120,0
1371543180,0
1371543300,0
1371543360,0
1371543480,0
1371543540,0
1371543600,0
1371543660,0
1371543720,0
1371543780,0
1371543840,0
1371543900,0
1371544020,0
1371544080,0
1371544140,0
1371544260,0
1371544320,0
1371544380,0
1371544440,0
1371544500,0
1371544560,0
1371544680,0
1371544740,0
1371544800,0
1371544860,0
1371544980,0
1371545040,0
1371545100,0
1371545160,0
1371545220,0
1371545280,0
1371545340,0
1371545400,0
1371545460,0
1371545640,0
1371545760,0
1371545820,0
1371545940,0
1371546000,0
1371546060,0
1371546120,0
1371546180,0
1371546240,0
1371546360,0
1371546420,0
1371546480,0
1371546540,0
1371546660,0
1371546720,0
1371546780,0
1371546840,0
1371546900,0
1371546960,0
1371547020,0
1371547080,0
1371547140,0
1371547200,0
1371548220,0
1371548280,0
1371548400,0
1371548460,0
1371548520,0
1371548580,0
1371548640,0
1371548700,0
1371548820,0
1371548880,0
1371549000,0
1371549120,0
1371549180,0
1371549240,0
1371549300,0
1371549360,0
1371549420,0
1371549540,0
1371549600,0
1371549720,0
1371549780,0
1371549840,0
1371549900,0
1371550020,0
1371550080,0
1371550140,0
1371550260,0
1371550380,0
1371550500,0
1371550560,0
1371550620,0
1371550740,0
1371550800,0
1371550860,0
1371550980,0
1371551040,0
1371551160,0
1371551220,0
1371551280,0
1371551340,0
1371551400,0
1371551520,0
1371551580,0
1371551640,0
1371551700,0
1371551820,0
1371551880,0
1371551940,0
1371552000,0
1371552120,0
1371552180,0
1371552240,0
1371552300,0
1371552360,0
1371552480,0
1371552540,0
1371552600,0
1371552660,0
1371552720,0
1371552780,0
1371552840,0
1371552960,0
1371553020,0
1371553080,0
1371553140,0
1371553260,0
1371553380,0
1371553440,0
1371553500,0
1371553620,0
1371553680,0
1371553740,0
1371553860,0
1371553980,0
1371554040,0
1371554100,0
1371554160,0
1371554220,0
1371554280,0
1371554340,0
1371554400,0
1371554520,0
1371554580,0
1371554640,0
1371554700,0
1371554820,0
1371554880,0
1371554940,0
1371555000,0
1371555060,0
1371555180,0
1371555240,0
1371555300,0
1371555360,0
1371555480,0
1371555540,0
1371555600,0
1371555660,0
1371555780,0
1371555840,0
1371555900,0
1371555960,0
1371556020,0
1371556080,0
1371556200,0
1371556260,0
1371556380,0
1371556440,0
1371556500,0
1371556560,0
1371556620,0
1371556680,0
1371556740,0
1371556800,0
1371556920,0
1371556980,0
1371557100,0
1371557160,0
1371557220,0
1371557280,0
1371557340,0
1371557460,0
1371557520,0
1371557640,0
1371557700,0
1371557760,0
1371557820,0
1371557880,0
1371557940,0
1371558000,0
1371558120,0
1371558240,0
1371558300,0
1371558420,0
1371558480,0
1371558600,0
1371558720,0
1371558780,0
1371558900,0
1371558960,0
1371559020,0
1371559080,0
1371559140,0
1371559200,0
1371559320,0
1371559380,0
1371559440,0
1371559560,0
1371559620,0
1371559680,0
1371559800,0
1371559920,0
1371559980,0
1371560100,0
1371560160,0
1371560280,0
1371560400,0
1371560460,0
1371560580,0
1371560640,0
1371560700,0
1371560760,0
1371560820,0
1371560940,0
1371561000,0
1371561060,0
1371561180,0
1371561300,0
1371561360,0
1371561420,0
1371561540,0
1371561660,0
1371561720,0
1371561840,0
1371561960,0
1371562080,0
1371562140,0
1371562260,0
1371562320,0
1371562440,0
1371562560,0
1371562680,0
1371562740,0
1371562860,0
1371562920,0
1371562980,0
1371563040,0
1371563160,0
1371563220,0
1371563280,0
1371563340,0
1371563400,0
1371563460,0
1371563580,0
1371563700,0
1371563760,0
1371563880,0
1371563940,0
1371564000,0
1371564060,0
1371564120,0
1371564240,0
1371564300,0
1371564360,0
1371564420,0
1371564540,0
1371564600,0
1371564720,0
1371564780,0
1371564840,0
1371564960,0
1371565080,0
1371565200,0
1371565260,0
1371565320,0
1371565440,0
1371565680,0
1371565740,0
1371565860,0
1371565920,0
1371566040,0
1371566100,0
1371566220,0
1371566280,0
1371566340,0
1371566460,0
1371566520,0
1371566640,0
1371566760,0
1371566880,0
1371566940,0
1371567000,0
1371567120,0
1371567180,0
1371567300,0
1371567360,0
1371567480,0
1371567540,0
1371567600,0
1371567660,0
1371567720,0
1371567840,0
1371567900,0
1371567960,0
1371568020,0
1371568080,0
1371568200,0
1371568260,0
1371568380,0
1371568440,0
1371568560,0
1371568680,0
1371568740,0
1371568800,0
1371568860,0
1371568980,0
1371569040,0
1371569160,0
1371569220,0
1371569280,0
1371569340,0
1371569400,0
1371569460,0
1371569520,0
1371569640,0
1371569700,0
