datetime,departures
1374906480,4
1374922800,1
1374929580,1
1374930780,1
1374932580,1
1374936720,1
1374938820,2
1374939000,1
1374939480,2
1374939660,1
1374941100,1
1374942540,1
1374942600,1
1374944400,3
1374944520,1
1374946560,1
1374947460,1
1374947520,1
1374951240,2
1374952140,1
1374952320,1
1374952380,1
1374955680,1
1374955860,1
1374956880,1
1374959640,1
1374960480,1
1374960540,1
1374960600,1
1374961620,2
1374963120,2
1374965220,1
1374965340,1
1374966420,1
1374969840,1
1374974760,1
1374978000,1
1374978660,2
1374989040,1
1375006740,1
1375015680,1
1375015920,1
1375019100,1
1375023720,1
1375025220,1
1375026420,1
1375031280,1
1375031400,1
1375039500,2
1375040460,1
1375041960,1
1375042500,1
1375043160,1
1375045800,2
1375057260,1
1375085160,1
1375093980,1
1375096380,1
1375100040,1
1375100700,1
1375101720,1
1375103280,1
1375104180,1
1375105860,1
1375107780,1
1375113000,1
1375115760,1
1375117560,1
1375118040,1
1375118700,1
1375120380,2
1375121040,1
1375122480,1
1375122900,1
1375123320,1
1375124160,1
1375127220,1
1375127520,1
1375127580,1
1375127700,1
1375128660,1
1375129020,1
1375131300,1
1375132140,1
1375134480,1
1375135680,1
1375135740,1
1375135860,1
1375139880,1
1375140120,1
1375141080,1
1375141980,1
1375142400,1
1375150380,1
1375151940,1
1375170540,1
1375183560,1
1375183980,1
1375184880,1
1375185720,1
1375189920,2
1375190460,1
1375197420,1
1375199760,1
1375202220,1
1375204620,1
1375207020,1
1375208100,2
1375208280,1
1375208340,1
1375210920,1
1375211460,1
1375211940,1
1375212960,1
1375213740,1
1375213860,1
1375214880,1
1375215000,1
1375216140,1
1375217220,1
1375218360,1
1375218960,1
1375219020,2
1375219200,1
1375219260,1
1375219620,1
1375219680,1
1375220220,1
1375220700,1
1375227120,1
1375230420,1
1375230480,1
1375232220,1
1375239540,1
1375241460,1
1375257600,1
1375267620,1
1375270740,1
1375271220,1
1375275780,1
1375275900,1
1375276140,1
1375276320,1
1375278000,1
1375280220,1
1375282320,1
1375284840,1
1375285080,1
1375286280,1
1375287300,1
1375287480,1
1375288440,2
1375288920,1
1375289220,1
1375289880,1
1375290360,1
1375293360,1
1375294680,1
1375294860,1
1375295160,1
1375296660,1
1375297380,1
1375298040,1
1375298340,1
1375299120,1
1375300320,1
1375300980,1
1375301040,1
1375302780,1
1375303320,1
1375303620,1
1375304880,1
1375305060,1
1375305180,1
1375305360,1
1375305840,1
1375305900,2
1375306080,2
1375306140,1
1375306260,2
1375306500,1
1375306740,2
1375306980,1
1375307100,1
1375307520,1
1375307700,2
1375311060,1
1375311420,1
1375312800,1
1375313460,1
1375314720,1
1375354020,1
1375355820,1
1375356840,1
1375359780,1
1375360800,1
1375361520,1
1375361760,1
1375364880,1
1375365960,1
1375367460,1
1375368360,1
1375386540,1
1375391580,1
1375391700,1
1375392480,1
1375392540,1
1375392900,1
1375393320,1
1375393980,1
1375395000,1
1375395780,2
1375400160,1
1375406160,1
1375407600,1
1375416960,1
1375443780,1
1375444560,1
1375445460,1
1375445760,1
1375447800,1
1375448280,1
1375448820,1
1375454460,2
1375459680,1
1375459920,1
1375462440,1
1375464360,2
1375465080,1
1375466280,1
1375466580,1
1375468320,1
1375468860,1
1375469700,2
1375469880,1
1375470420,1
1375470840,2
1375472160,1
1375474080,1
1375474260,1
1375474560,2
1375474860,1
1375475040,1
1375475700,1
1375476120,2
1375476420,1
1375476480,3
1375477500,1
1375477560,2
1375477860,2
1375478100,1
1375478160,1
1375478220,1
1375478520,2
1375478760,3
1375478880,1
1375479300,1
1375479780,1
1375482960,1
1375483140,1
1375483860,1
1375505160,1
1375536060,1
1375537260,1
1375538400,3
1375538460,1
1375539720,2
1375539840,2
1375540020,1
1375540200,1
1375541340,1
1375541460,1
1375543140,2
1375544460,5
1375544700,1
1375545000,1
1375545540,1
1375545960,1
1375546080,1
1375546320,1
1375546800,1
1375547280,1
1375547580,1
1375547700,1
1375548120,2
1375548180,2
1375548960,1
1375549260,1
1375550220,1
1375550400,1
1375551900,1
1375552920,1
1375553460,2
1375553640,1
1375556640,1
1375556760,1
1375556940,1
1375557180,2
1375560120,1
1375563180,1
1375571460,1
1375622760,1
1375627200,1
1375628520,1
1375629000,1
1375633560,1
1375633620,1
1375634760,1
1375640760,2
1375640820,1
1375642620,2
1375644480,2
1375644600,2
1375646460,1
1375647180,1
1375648920,1
1375649820,1
1375651080,1
1375652040,1
1375654020,2
1375654140,2
1375654920,2
1375655340,1
1375656180,1
1375656660,1
1375657440,1
1375657500,1
1375658280,2
1375659660,1
1375665420,1
1375667640,1
1375676340,1
1375693860,1
1375702200,1
1375703340,1
1375706460,1
1375707600,3
1375710360,1
1375710540,1
1375711200,1
1375711380,1
1375711800,1
1375714200,1
1375718220,1
1375719420,1
1375719540,1
1375719780,1
1375720680,1
1375721160,1
1375722540,1
1375724040,1
1375725240,1
1375725360,1
1375725780,1
1375726260,1
1375729860,1
1375731420,1
1375732140,1
1375732320,1
1375732500,1
1375733100,1
1375733280,1
1375734420,3
1375734540,2
1375734660,2
1375736640,1
1375736820,2
1375737060,1
1375737360,2
1375737600,3
1375738080,1
1375738260,3
1375738320,1
1375738500,2
1375739040,1
1375739160,1
1375739460,2
1375739760,1
1375742100,1
1375743360,2
1375744500,1
1375744860,1
1375745460,1
1375745580,1
1375747920,1
1375748160,1
1375750680,1
1375755660,1
1375758420,1
1375788300,1
1375788480,1
1375790100,2
1375790640,1
1375790760,1
1375791420,1
1375791480,1
1375792860,1
1375794240,1
1375795260,1
1375798380,1
1375798800,1
1375799460,1
1375799940,1
1375800960,2
1375803780,1
1375804860,1
1375805340,1
1375805820,1
1375806480,1
1375806720,1
1375807380,1
1375811580,1
1375811820,1
1375812000,1
1375812840,1
1375813020,1
1375818180,1
1375818600,1
1375819200,1
1375819800,1
1375821060,1
1375821180,2
1375821420,1
1375823580,2
1375823760,2
1375824180,4
1375824360,2
1375824480,2
1375824600,1
1375825020,2
1375826460,1
1375832820,1
1375836720,1
1375837620,1
1375838160,1
1375841220,1
1375846080,1
1375858200,1
1375871160,1
1375874160,1
1375875660,1
1375875960,1
1375877460,1
1375880100,1
1375880220,1
1375880340,1
1375880760,1
1375881300,1
1375884180,1
1375884780,1
1375885860,1
1375890960,1
1375891860,1
1375892640,1
1375892880,1
1375894440,1
1375894860,1
1375895880,1
1375897080,1
1375897200,1
1375897620,1
1375899840,1
1375900500,2
1375900560,1
1375900680,1
1375901820,3
1375902660,1
1375903380,1
1375904520,1
1375909260,1
1375909560,1
1375909740,1
1375909860,1
1375910040,2
1375910280,1
1375910400,1
1375910460,1
1375910640,1
1375910700,1
1375910940,1
1375911120,3
1375911360,1
1375911420,2
1375911540,1
1375911600,1
1375911720,2
1375911780,1
1375912140,1
1375914660,1
1375918920,1
1375919400,1
1375920000,2
1375922220,1
1375927980,1
1375960560,1
1375960800,1
1375961700,1
1375962180,1
1375964460,1
1375964940,1
1375965660,1
1375966980,2
1375967580,1
1375969140,1
1375969920,1
1375973760,1
1375978200,1
1375982100,1
1375982640,1
1375982820,1
1375985220,1
1375986600,1
1375987800,1
1375987860,1
1375989120,1
1375990260,1
1375990500,1
1375990860,1
1375991940,1
1375993320,1
1375996380,2
1375996440,1
1375996680,1
1375997040,1
1375997160,2
1375997520,1
1375998060,1
1375998360,1
1375998660,1
1375999560,1
1376000820,1
1376001000,1
1376002020,1
1376009460,1
1376010660,2
1376012160,1
1376012400,1
1376016600,2
1376047620,1
1376050860,1
1376051460,1
1376054040,1
1376057040,1
1376062500,1
1376064900,1
1376066700,1
1376069460,1
1376070960,1
1376071500,1
1376071620,1
1376072460,2
1376073420,1
1376073480,1
1376074560,1
1376074740,1
1376075400,1
1376075580,1
1376076000,1
1376077440,1
1376078580,1
1376078880,1
1376079360,1
1376079540,1
1376079660,1
1376079900,1
1376080260,1
1376080800,1
1376081040,1
1376081100,2
1376081820,1
1376081880,1
1376082000,1
1376082300,1
1376082660,1
1376082900,1
1376087520,1
1376090160,1
1376103780,1
1376106660,1
1376106900,1
1376117400,1
1376131080,1
1376132340,1
1376133420,1
1376133660,1
1376138460,1
1376138700,1
1376139600,1
1376139840,1
1376140380,1
1376140500,1
1376140680,1
1376140740,1
1376142180,1
1376142240,2
1376142300,1
1376142360,1
1376142480,3
1376142720,1
1376143200,1
1376143860,3
1376144520,1
1376144640,1
1376145060,4
1376145180,1
1376145720,1
1376147520,2
1376147580,1
1376147760,3
1376147880,2
1376148060,3
1376148180,2
1376148900,1
1376149020,1
1376149200,2
1376149380,2
1376149680,1
1376149860,1
1376150040,3
1376150280,1
1376150340,3
1376150400,4
1376150700,1
1376151000,1
1376151360,1
1376152140,1
1376152260,2
1376152680,1
1376153700,2
1376154360,2
1376155560,1
1376157240,1
1376161140,1
1376162640,1
1376162760,2
1376163360,1
1376164860,1
1376165040,2
1376170800,1
1376172420,2
1376173320,1
1376175300,3
1376176740,1
1376178420,1
1376181060,1
1376183040,1
1376185560,2
1376186400,1
1376187480,1
1376188080,1
1376191860,1
1376192700,1
1376194740,1
1376196600,1
1376222700,1
1376223060,2
1376223180,1
1376224140,1
1376224860,1
1376227800,1
1376230260,1
1376232420,1
1376233200,1
1376233680,2
1376235600,1
1376238300,1
1376238600,1
1376240580,2
1376242380,1
1376243760,1
1376243820,1
1376246100,1
1376246160,1
1376246520,1
1376247480,1
1376251320,1
1376253300,1
1376253360,1
1376262900,1
1376264640,1
1376265420,4
1376265660,1
1376266680,2
1376270880,1
1376270940,1
1376275500,1
1376282100,1
1376306760,1
1376313060,1
1376315880,1
1376316540,1
1376317560,1
1376319420,1
1376319960,1
1376320080,1
1376321940,1
1376323800,1
1376324940,1
1376325900,2
1376328600,1
1376331060,1
1376332020,1
1376333100,1
1376333640,1
1376335740,1
1376335800,1
1376336460,1
1376338860,1
1376339100,1
1376339940,1
1376340720,1
1376341740,1
1376341920,2
1376342040,1
1376342220,1
1376342460,2
1376342760,1
1376342820,1
1376343060,1
1376343180,1
1376343660,1
1376344140,1
1376344320,1
1376344740,1
1376345700,1
1376347500,1
1376348160,2
1376351760,1
1376353260,1
1376392620,1
1376413800,1
1376415000,1
1376415360,1
1376416560,1
1376418000,2
1376419860,1
1376420100,1
1376420220,1
1376420400,1
1376422500,1
1376422860,1
1376425800,1
1376427480,1
1376427540,1
1376428560,1
1376430060,2
1376431920,1
1376435700,1
1376436240,1
1376437860,1
1376442840,1
1376443500,1
1376443620,1
1376450880,1
1376452860,1
1376479200,1
1376479560,1
1376483100,1
1376483880,1
1376485260,1
1376485500,1
1376486160,1
1376486580,1
1376487960,1
1376490000,1
1376490480,1
1376492160,2
1376492220,2
1376492460,2
1376492760,1
1376493900,1
1376498340,1
1376499180,1
1376499660,1
1376499960,1
1376500260,1
1376501040,1
1376502060,1
1376503140,1
1376504760,1
1376506080,2
1376507460,1
1376510160,2
1376510400,1
1376511840,1
1376512380,1
1376512860,1
1376513160,2
1376513760,1
1376514300,2
1376514360,2
1376514480,1
1376515260,2
1376515500,3
1376515620,2
1376516160,2
1376516520,1
1376516760,1
1376517060,1
1376517240,1
1376517360,2
1376517480,3
1376518380,1
1376519280,1
1376519940,2
1376522040,1
1376524260,1
1376526180,1
1376527440,1
1376527680,1
1376539740,1
1376543100,1
1376565120,1
1376565480,1
1376567160,1
1376568420,1
1376568660,2
1376569140,1
1376569320,1
1376570400,1
1376571240,1
1376571900,1
1376573040,1
1376573940,1
1376574540,1
1376574840,1
1376575080,1
1376576160,1
1376576820,1
1376577480,1
1376578680,1
1376582460,2
1376582760,1
1376585700,1
1376588040,1
1376589300,1
1376589780,1
1376595240,1
1376595480,1
1376596680,1
1376596980,1
1376597100,1
1376597700,2
1376598000,1
1376598720,1
1376599200,1
1376599440,1
1376600220,1
1376600340,2
1376600640,1
1376601060,1
1376601540,2
1376601960,1
1376602080,1
1376602440,1
1376602740,4
1376602860,1
1376602920,1
1376603100,1
1376603280,1
1376603340,1
1376603700,4
1376603880,1
1376604240,2
1376606040,1
1376610240,1
1376610600,1
1376612460,1
1376614080,1
1376614740,1
1376619180,1
1376652240,1
1376653680,1
1376653800,1
1376655240,1
1376657040,1
1376657640,1
1376660940,2
1376661420,2
1376662260,1
1376663280,1
1376664720,1
1376665080,1
1376666760,1
1376669340,1
1376671200,1
1376671920,1
1376672340,1
1376672640,1
1376673780,1
1376674680,1
1376674980,1
1376675340,1
1376677680,1
1376677800,1
1376678640,1
1376678880,1
1376679240,1
1376680380,1
1376682000,2
1376682960,1
1376683140,1
1376683440,1
1376683980,1
1376684340,2
1376685240,2
1376685600,2
1376685840,1
1376686140,1
1376686200,1
1376686440,2
1376686740,4
1376687040,1
1376687340,1
1376687640,1
1376692680,1
1376693940,2
1376694300,1
1376694480,1
1376694540,2
1376694720,3
1376696940,1
1376698620,1
1376701980,1
1376703300,1
1376703600,1
1376705340,1
1376709180,1
1376710680,1
1376736180,1
1376737440,1
1376740860,1
1376742480,1
1376745060,1
1376745600,1
1376746200,1
1376746440,2
1376746500,1
1376748000,1
1376748660,2
1376749500,1
1376749560,3
1376750100,1
1376750160,1
1376750580,1
1376750820,1
1376751000,2
1376751600,1
1376752140,1
1376752260,2
1376752620,2
1376753340,1
1376754000,1
1376754120,1
1376754240,1
1376755320,1
1376755440,1
1376756400,1
1376756940,1
1376757120,2
1376757180,1
1376757780,2
1376758140,2
1376758740,1
1376758920,1
1376758980,1
1376759220,1
1376759640,1
1376759820,1
1376760240,1
1376760540,1
1376761380,1
1376763600,1
1376764080,2
1376764200,2
1376764500,1
1376764680,1
1376766240,2
1376766300,1
1376767200,1
1376768940,1
1376769900,1
1376770080,1
1376770440,1
1376774280,1
1376777520,1
1376777820,1
1376777940,2
1376778120,1
1376778540,2
1376778720,1
1376779500,1
1376779680,2
1376780160,1
1376782320,1
1376783700,2
1376784060,2
1376784240,1
1376789760,1
1376790840,3
1376793480,1
1376796360,1
1376797740,1
1376803260,1
1376810940,1
1376829060,1
1376830560,1
1376835240,1
1376836260,1
1376836740,1
1376842680,1
1376851020,1
1376851080,1
1376853840,1
1376854140,1
1376854200,1
1376855700,1
1376856660,1
1376859120,2
1376861580,1
1376865480,1
1376871180,1
1376880120,1
1376881140,2
1376912520,1
1376912640,1
1376914080,1
1376916300,1
1376916840,1
1376917500,1
1376917680,2
1376919720,1
1376920500,1
1376924940,1
1376926980,1
1376927340,1
1376929140,1
1376929680,1
1376931180,1
1376932140,1
1376932200,1
1376933340,1
1376934840,1
1376935380,1
1376937180,1
1376938260,2
1376938500,1
1376939880,1
1376940180,1
1376940480,1
1376940720,1
1376944080,2
1376944260,2
1376944500,1
1376945820,1
1376946240,1
1376947320,1
1376947440,1
1376947860,2
1376948100,1
1376948460,1
1376948700,1
1376949000,2
1376949240,1
1376949360,1
1376949480,1
1376950200,1
1376950380,2
1376950740,2
1376950800,2
1376950920,2
1376951040,1
1376951100,3
1376953080,1
1376955780,1
1376958840,1
1376959680,1
1376959800,1
1376964120,1
1376973840,1
1376974020,1
1376974560,2
1376976240,1
1376981940,1
1376997780,1
1376998320,1
1376999880,1
1377001320,1
1377003840,2
1377003900,1
1377004140,1
1377004260,1
1377004680,1
1377007080,1
1377009840,1
1377013320,1
1377014520,1
1377014940,1
1377016080,1
1377016500,1
1377017400,4
1377018540,2
1377019440,1
1377020100,1
1377021840,1
1377022260,1
1377022560,1
1377024720,1
1377025500,1
1377026520,1
1377026580,1
1377026880,2
1377027060,1
1377027600,1
1377029040,1
1377029220,1
1377029460,1
1377029580,1
1377029700,1
1377031440,1
1377032040,1
1377032280,1
1377032700,2
1377033120,1
1377033240,2
1377033480,3
1377033600,1
1377033720,2
1377034080,2
1377034500,1
1377047280,6
1377055860,1
1377062280,1
1377080580,1
1377083640,2
1377085440,1
1377085860,1
1377088260,2
1377089700,1
1377090000,1
1377091560,1
1377091620,1
1377091800,1
1377092820,2
1377096420,1
1377098640,1
1377099840,1
1377101220,1
1377104580,1
1377105240,1
1377105840,1
1377105900,1
1377106440,1
1377106680,1
1377107100,2
1377108420,1
1377109620,1
1377112560,1
1377112920,1
1377114000,1
1377114720,1
1377114840,1
1377115140,2
1377115200,1
1377115680,1
1377118680,2
1377119220,2
1377119640,1
1377120060,1
1377120300,2
1377120360,1
1377120780,1
1377121080,1
1377121200,1
1377121500,1
1377121740,1
1377121860,1
1377122040,1
1377122160,2
1377122280,1
1377122520,1
1377122820,1
1377128940,1
1377130800,1
1377131580,1
1377169860,1
1377172500,1
1377173040,1
1377173160,1
1377176520,1
1377184920,1
1377186120,2
1377186240,1
1377189600,1
1377189900,1
1377190200,1
1377190620,2
1377191460,1
1377203940,1
1377206340,3
1377206520,1
1377206640,5
1377207180,1
1377207240,2
1377207480,1
1377208080,1
1377208200,1
1377208380,1
1377208740,2
1377209340,1
1377210540,1
1377211620,1
1377215340,1
1377224040,2
1377227040,1
1377230940,1
1377257400,2
1377261300,1
1377263880,1
1377264480,1
1377267720,1
1377269040,1
1377274260,1
1377274620,1
1377275040,1
1377275760,1
1377277680,2
1377280800,1
1377281160,1
1377282480,1
1377283020,2
1377283500,1
1377284580,1
1377285240,1
1377296100,2
1377296640,2
1377297120,1
1377297300,1
1377297480,1
1377297780,1
1377298020,3
1377298140,1
1377298380,3
1377298800,1
1377299400,1
1377299520,2
1377299640,1
1377300660,1
1377301080,1
1377301380,1
1377303780,1
1377314580,1
1377326460,1
1377335040,1
1377351060,1
1377354660,1
1377356580,1
1377356700,1
1377358980,2
1377359640,1
1377361500,1
1377362340,2
1377362700,1
1377366600,2
1377367140,1
1377368040,1
1377369180,1
1377369360,1
1377370080,2
1377370500,1
1377372300,1
1377372840,1
1377375600,1
1377377340,1
1377378420,1
1377381240,1
1377382500,1
1377387540,1
1377396900,1
1377398640,1
1377406620,1
1377447360,1
1377449340,1
1377449460,2
1377454440,2
1377457860,1
1377459840,1
1377460500,1
1377461340,1
1377462600,1
1377463020,1
1377463440,1
1377467220,1
1377468240,1
1377469440,1
1377469800,2
1377470820,1
1377471960,1
1377472980,1
1377473040,1
1377485820,1
1377487080,1
1377517440,1
1377519360,1
1377519540,1
1377520980,1
1377522000,1
1377522240,1
1377522540,2
1377524640,1
1377525780,1
1377526320,1
1377534120,1
1377535200,1
1377535740,1
1377536580,1
1377538800,1
1377538860,4
1377538980,3
1377539100,1
1377539340,2
1377540360,1
1377544080,1
1377545340,1
1377546840,1
1377549960,1
1377551220,1
1377551580,1
1377551700,2
1377551940,1
1377553200,4
1377553860,1
1377554580,2
1377554700,1
1377554760,1
1377555000,1
1377555180,1
1377555480,2
1377555720,1
1377555900,1
1377555960,1
1377556140,3
1377556200,1
1377556500,2
1377556740,1
1377557940,1
1377560640,1
1377561480,1
1377562140,1
1377563100,1
1377565980,1
1377589020,1
1377605220,1
1377606420,1
1377608220,1
1377608580,1
1377609540,1
1377610380,1
1377610740,1
1377612420,1
1377613920,1
1377615180,1
1377615720,1
1377616140,1
1377620340,1
1377621420,1
1377621780,1
1377622080,1
1377623100,1
1377624840,1
1377625020,1
1377625080,1
1377626760,1
1377630060,1
1377631980,1
1377632460,1
1377633240,1
1377633840,1
1377634320,1
1377634440,1
1377636720,1
1377637320,1
1377637680,1
1377638400,1
1377638460,2
1377638520,3
1377638700,1
1377638820,2
1377638940,1
1377639240,3
1377639360,2
1377639480,1
1377639780,2
1377639900,3
1377640080,1
1377641220,1
1377641340,1
1377641700,1
1377642180,1
1377644820,1
1377646260,1
1377663780,1
1377690480,1
1377691620,1
1377691920,1
1377692220,1
1377692520,1
1377693840,1
1377694020,1
1377694860,1
1377695460,1
1377695580,1
1377695700,1
1377697860,1
1377699960,2
1377701100,1
1377702000,1
1377704520,1
1377705000,1
1377711360,1
1377713640,1
1377717660,1
1377721020,1
1377721140,1
1377722820,1
1377723360,1
1377724080,1
1377724320,1
1377724440,1
1377725040,1
1377725220,1
1377725520,2
1377726600,1
1377727380,2
1377728040,4
1377728220,2
1377731580,1
1377732840,1
1377733020,1
1377736560,1
1377736680,1
1377748320,1
1377754680,1
1377775680,1
1377777000,1
1377777780,1
1377778080,1
1377778320,1
1377780240,2
1377780480,1
1377783060,1
1377783360,1
1377783540,1
1377783780,1
1377784860,1
1377785220,1
1377786600,1
1377792540,1
1377792780,2
1377793800,1
1377796920,1
1377796980,1
1377798120,1
1377798240,1
1377799680,1
1377801540,1
1377802380,1
1377802920,1
1377804360,1
1377804780,2
1377806580,1
1377807960,2
1377808980,1
1377809940,1
1377810120,1
1377810360,1
1377810840,1
1377811380,2
1377811500,1
1377811800,1
1377811860,1
1377811920,1
1377812040,3
1377812160,2
1377812340,1
1377812580,3
1377813720,1
1377818220,1
1377818340,1
1377820560,1
1377821520,1
1377843120,1
1377861420,1
1377863760,1
1377865080,2
1377867120,1
1377867840,1
1377869160,1
1377869820,1
1377872520,1
1377873540,1
1377874260,1
1377874320,1
1377875040,1
1377875700,1
1377880440,4
1377880560,2
1377882480,1
1377882660,1
1377882960,1
1377883080,1
1377883680,1
1377884820,1
1377886020,1
1377886680,1
1377889260,1
1377891120,2
1377891240,2
1377892980,1
1377894120,1
1377894300,1
1377894660,1
1377895380,1
1377895980,1
1377899460,1
1377901260,2
1377906420,1
1377909300,1
1377910320,1
1377910440,1
1377914220,1
1377914760,1
1377935340,1
1377938460,1
1377961260,1
1377964080,1
1377964320,1
1377965040,2
1377970020,1
1377970380,2
1377970860,1
1377972540,1
1377973920,1
1377976200,1
1377980100,1
1377982260,2
1377982380,2
1377982680,1
1377984180,1
1377984960,1
1377986220,1
1377989220,1
1377989520,1
1378000740,1
1378005120,1
1378005840,1
1378006140,1
1378008060,1
1378009920,1
1378011540,1
1378032660,1
1378045260,1
1378048560,1
1378050360,1
1378050660,1
1378062660,1
1378066380,1
1378068420,1
1378074540,1
1378080360,1
1378081740,1
1378089600,1
1378093020,1
1378098120,1
1378102560,1
1378125960,1
1378128660,1
1378131060,1
1378132980,1
1378134720,1
1378143120,1
1378145700,1
1378154040,1
1378154340,1
1378155660,1
1378156200,1
1378157760,1
1378157880,1
1378160460,1
1378162200,2
1378163880,1
1378164300,1
1378164540,1
1378166460,1
1378166700,1
1378166940,1
1378167060,1
1378175280,1
1378183320,1
1378183440,1
1378209240,1
1378209780,1
1378211160,1
1378211760,1
1378212540,1
1378212780,1
1378213500,1
1378214400,1
1378214700,1
1378216500,1
1378217580,1
1378218060,1
1378221960,1
1378223880,1
1378224420,1
1378224840,1
1378226580,1
1378227840,1
1378228320,1
1378229760,1
1378230480,1
1378230780,1
1378230840,1
1378234260,1
1378235940,1
1378237620,1
1378238520,1
1378241520,1
1378242060,1
1378242600,1
1378242780,1
1378243020,1
1378243320,3
1378244280,6
1378244340,1
1378244580,3
1378244700,2
1378244880,1
1378245180,1
1378245540,1
1378245780,3
1378246020,1
1378246140,1
1378248180,1
1378249680,1
1378253580,1
1378255080,1
1378257960,1
1378267860,1
1378294620,1
1378296960,2
1378297320,1
1378299060,1
1378299900,1
1378301160,1
1378301280,1
1378303980,1
1378307580,1
1378308360,1
1378309380,1
1378310040,1
1378310520,1
1378310700,2
1378311540,1
1378314960,1
1378316700,1
1378317960,1
1378319640,1
1378319940,2
1378320240,1
1378322520,1
1378324020,1
1378324680,1
1378326600,1
1378326720,1
1378326900,1
1378327500,1
1378327740,1
1378329060,1
1378329240,1
1378329480,2
1378329660,1
1378329720,1
1378330200,2
1378330320,8
1378330560,2
1378330920,2
1378331340,2
1378331580,1
1378331820,1
1378332060,1
1378335300,1
1378336080,1
1378337460,1
1378338720,1
1378347420,1
1378351080,1
1378362780,1
1378475400,1
1378477260,1
1378481760,1
1378482720,1
1378485180,1
1378485780,1
1378485900,1
1378488660,1
1378488780,1
1378489980,2
1378490580,1
1378491000,1
1378491480,1
1378492140,1
1378493940,1
1378494180,1
1378494600,1
1378495560,1
1378496940,1
1378498140,1
1378498440,1
1378498560,1
1378498740,1
1378499880,1
1378500300,1
1378500540,1
1378500960,2
1378501560,1
1378501800,2
1378502220,1
1378502460,7
1378502640,1
1378502820,2
1378503060,2
1378503420,4
1378505160,1
1378506840,1
1378507200,1
1378507500,1
1378508280,1
1378508400,1
1378510260,1
1378511820,1
1378513560,1
1378515300,1
1378516740,3
1378517100,1
1378517400,1
1378519260,1
1378524000,1
1378530600,1
1378553220,1
1378564560,1
1378566720,1
1378567080,1
1378567500,1
1378569420,1
1378570260,1
1378572420,1
1378572780,1
1378573320,1
1378574460,1
1378576740,1
1378577160,2
1378582980,1
1378584660,1
1378586160,1
1378586340,1
1378587540,1
1378587600,1
1378588020,1
1378589280,1
1378591200,1
1378591320,2
1378591440,1
1378593000,1
1378594260,1
1378606920,1
1378608360,1
1378611960,1
1378613100,2
1378614060,1
1378614180,1
1378614480,1
1378632600,1
1378641720,1
1378644180,2
1378645680,1
1378648500,1
1378648680,1
1378649940,1
1378654020,1
1378654680,1
1378655100,1
1378655160,1
1378657740,1
1378662180,1
1378666560,1
1378670580,1
1378671420,1
1378674480,1
1378677420,2
1378679760,2
1378680540,1
1378680720,1
1378681500,1
1378681620,1
1378681800,2
1378681980,1
1378682520,1
1378682640,1
1378683360,1
1378683420,1
1378685700,1
1378693620,1
1378695540,1
1378699740,1
1378713240,1
1378723620,1
1378724340,1
1378724520,1
1378726260,1
1378727100,1
1378727280,1
1378729680,1
1378730400,1
1378730520,1
1378731780,1
1378733640,1
1378734420,1
1378736280,1
1378737780,1
1378740840,1
1378741560,1
1378742160,1
1378744020,1
1378745220,2
1378746000,1
1378746780,1
1378746840,1
1378747800,1
1378748520,1
1378749480,1
1378749600,1
1378760220,1
1378760760,2
1378760940,1
1378761300,1
1378761480,1
1378762080,1
1378762260,3
1378762440,1
1378762560,1
1378762740,2
1378762860,5
1378762980,1
1378763160,2
1378763220,6
1378763460,2
1378763700,1
1378763760,1
1378764000,1
1378765560,1
1378767840,1
1378768800,1
1378772520,1
1378776540,1
1378783860,1
1378785420,1
1378786260,1
1378791600,1
1378831620,1
1378831740,1
1378836180,1
1378837800,1
1378840200,1
1378842360,2
1378843080,1
1378846440,1
1378846740,1
1378847160,1
1378847520,1
1378847820,1
1378848300,1
1378849020,1
1378849140,1
1378849800,1
1378850100,1
1378850520,4
1378850820,2
1378851720,1
1378852740,1
1378854360,1
1378856100,1
1378858500,1
1378861740,1
1378863660,1
1378870200,1
1378870440,1
1378870980,1
1378899300,1
1378899420,1
1378900560,1
1378900800,1
1378902060,1
1378903140,1
1378905300,1
1378905720,1
1378905960,1
1378906860,1
1378906920,1
1378907160,2
1378907940,1
1378910340,1
1378912440,1
1378912860,1
1378914360,1
1378916340,2
1378916520,1
1378919460,1
1378923060,1
1378923120,1
1378923180,1
1378923360,1
1378926720,1
1378927680,1
1378929060,1
1378929660,1
1378930440,1
1378931100,1
1378931880,1
1378932420,2
1378932540,1
1378932600,1
1378932720,1
1378933740,3
1378934280,1
1378934400,1
1378937340,1
1378937520,1
1378937940,1
1378940400,1
1378940820,1
1378942140,1
1378948500,1
1378954560,1
1378981140,1
1378983120,1
1378984380,1
1378984620,1
1378986120,1
1378986420,1
1378986720,1
1378987740,1
1378988280,1
1378988460,1
1378991100,1
1378993080,1
1378993380,1
1378994160,1
1378995000,1
1378995240,1
1378997040,1
1378998060,1
1378998360,1
1379000220,1
1379004060,1
1379006160,1
1379008380,1
1379010240,1
1379010840,1
1379011320,1
1379012100,1
1379012460,1
1379013120,1
1379013720,1
1379014200,2
1379015820,1
1379016600,1
1379017200,1
1379018820,1
1379019180,1
1379019360,1
1379019480,1
1379019660,1
1379020680,4
1379020740,1
1379021340,1
1379021460,1
1379022000,1
1379022120,1
1379022180,1
1379022540,1
1379022660,1
1379022960,2
1379023140,1
1379023980,1
1379024220,1
1379024520,2
1379025060,2
1379037660,1
1379037900,1
1379038140,1
1379049180,1
1379073420,1
1379074020,1
1379074800,1
1379075460,2
1379076240,1
1379078580,1
1379080740,1
1379086980,10
1379087100,9
1379087160,3
1379087220,1
1379087280,1
1379088120,1
1379088900,1
1379089080,1
1379090040,5
1379370000,1
1379373420,1
1379374200,1
1379374620,1
1379375400,2
1379376060,1
1379376120,1
1379376480,1
1379376900,1
1379377080,1
1379377320,2
1379377500,1
1379378340,1
1379379360,1
1379379540,1
1379380740,1
1379382300,1
1379382960,1
1379385060,1
1379385480,1
1379388780,1
1379388960,1
1379402940,1
1379410920,1
1379413800,1
1379416920,1
1379417940,1
1379419680,1
1379420400,1
1379421720,1
1379422920,1
1379425740,1
1379426160,1
1379426340,1
1379426580,1
1379427780,1
1379430960,1
1379433000,1
1379433600,1
1379436960,1
1379437620,2
1379437980,1
1379438700,1
1379439000,1
1379440500,2
1379440560,1
1379441100,2
1379443560,1
1379443740,1
1379444280,1
1379444520,1
1379446320,1
1379446740,1
1379448000,1
1379449020,1
1379449440,2
1379450040,1
1379450280,1
1379450700,1
1379450820,2
1379451420,1
1379451540,2
1379452380,2
1379452620,1
1379452680,4
1379453640,1
1379453820,1
1379454000,1
1379455140,1
1379455500,1
1379455860,1
1379456460,2
1379459940,1
1379460060,1
1379461860,1
1379462220,1
1379463840,1
1379466480,1
1379504160,1
1379504580,1
1379505000,1
1379505240,1
1379505660,1
1379505840,1
1379506020,1
1379509860,1
1379511120,1
1379511300,1
1379511900,1
1379512080,1
1379513160,1
1379514120,1
1379514180,1
1379515560,1
1379516580,1
1379516880,1
1379519460,1
1379519820,1
1379521800,2
1379521920,1
1379522880,1
1379523000,1
1379523120,1
1379526420,1
1379526480,2
1379526840,1
1379528460,1
1379530080,1
1379531820,1
1379533140,1
1379533800,1
1379534040,1
1379535060,1
1379535600,1
1379536080,1
1379536860,1
1379536980,1
1379537820,1
1379538360,1
1379538540,1
1379538840,1
1379539200,1
1379539260,1
1379539320,1
1379539440,1
1379539560,1
1379539800,1
1379539860,8
1379539980,8
1379540580,1
1379540760,2
1379541780,2
1379542200,1
1379542440,1
1379543460,2
1379544120,1
1379545320,1
1379547960,1
1379548860,1
1379549760,1
1379562960,1
1379572620,1
1379575200,1
1379589300,1
1379591460,1
1379591820,1
1379592360,1
1379596080,1
1379597820,1
1379597940,1
1379598540,2
1379600760,1
1379601060,1
1379602620,1
1379602980,1
1379606160,1
1379608020,2
1379608200,1
1379608260,1
1379608800,2
1379608980,1
1379609040,1
1379610240,1
1379610780,1
1379612640,1
1379613840,1
1379614380,1
1379615160,1
1379615340,1
1379615460,2
1379616180,2
1379617980,1
1379619420,1
1379619600,1
1379620260,1
1379621460,1
1379622000,1
1379622960,1
1379623140,1
1379624100,1
1379624220,1
1379624520,1
1379624640,2
1379624760,2
1379625120,2
1379625240,1
1379625480,1
1379625600,1
1379625660,2
1379626140,5
1379626320,1
1379627520,1
1379630820,1
1379632320,2
1379632440,1
1379634720,1
1379636700,1
1379636820,1
1379638260,1
1379638620,1
1379663700,1
1379675820,1
1379679960,1
1379680080,1
1379680200,1
1379682240,1
1379682480,1
1379683380,1
1379684280,1
1379684460,1
1379684940,1
1379685120,1
1379687880,1
1379689080,1
1379689380,1
1379690820,1
1379690940,1
1379691480,1
1379691900,1
1379693640,1
1379694300,1
1379694600,1
1379695500,1
1379695680,1
1379698440,1
1379698980,2
1379699100,1
1379699460,1
1379700900,1
1379701440,1
1379702220,1
1379703360,1
1379703840,1
1379704140,1
1379704260,1
1379704320,1
1379704860,1
1379705040,1
1379705340,2
1379705580,1
1379706000,1
1379706120,2
1379706540,1
1379707200,1
1379708280,1
1379709240,1
1379709420,1
1379709480,2
1379709600,1
1379710440,1
1379710500,1
1379711100,1
1379711280,2
1379711400,4
1379711580,2
1379711640,1
1379711760,2
1379712000,1
1379712480,1
1379717400,1
1379717760,1
1379719200,1
1379721600,1
1379721660,1
1379722260,1
1379722380,2
1379722440,2
1379722740,2
1379722860,1
1379723640,2
1379723820,2
1379726640,1
1379729220,1
1379729400,1
1379731260,1
1379732880,1
1379738100,1
1379738580,1
1379739780,1
1379742660,1
1379770440,1
1379773620,1
1379773740,1
1379774460,1
1379775120,1
1379775720,2
1379776920,1
1379778840,1
1379779320,2
1379781660,1
1379784660,1
1379784840,1
1379786580,1
1379788440,1
1379790120,1
1379790660,1
1379791800,1
1379792460,1
1379794440,1
1379797980,1
1379798100,1
1379798520,1
1379801040,2
1379801100,2
1379801280,1
1379806020,1
1379806980,1
1379807460,1
1379809620,1
1379809980,1
1379813340,1
1379813400,1
1379813640,1
1379817360,1
1379853420,1
1379857380,1
1379858880,3
1379864880,2
1379867340,1
1379868300,1
1379869320,1
1379869920,1
1379870280,1
1379870700,1
1379870760,1
1379870880,2
1379871000,1
1379871480,2
1379872200,1
1379873460,1
1379873760,1
1379874660,3
1379874900,3
1379875500,1
1379876100,1
1379877060,1
1379878140,1
1379878500,1
1379882280,2
1379884440,1
1379886060,1
1379886540,1
1379889600,1
1379891940,1
1379893800,1
1379908320,1
1379914140,1
1379919360,1
1379930400,1
1379933820,1
1379935500,1
1379936160,1
1379936760,1
1379940480,1
1379940600,1
1379940780,1
1379941260,1
1379944560,1
1379944920,1
1379945160,2
1379949060,1
1379949720,1
1379949780,1
1379951100,1
1379951880,1
1379952540,1
1379953080,1
1379954220,1
1379955120,1
1379956320,1
1379956380,1
1379956440,1
1379956980,1
1379957580,1
1379957880,1
1379958180,1
1379958360,1
1379959140,1
1379961720,1
1379964420,1
1379965440,1
1379967660,1
1379967900,1
1379968800,1
1379969220,1
1379969400,1
1379970420,2
1379970480,2
1379970600,2
1379970720,2
1379970780,1
1379970900,1
1379971020,1
1379971080,1
1379971500,2
1379971740,1
1379971920,2
1379971980,1
1379972280,2
1379972580,1
1379973360,1
1379973660,1
1379976780,1
1379977200,1
1379980620,1
1379981100,1
1379983560,1
1379987580,1
1379988000,2
1379988240,2
1379988360,1
1379989140,1
1379994060,2
1380006000,1
1380018000,1
1380021180,1
1380023760,1
1380023940,1
1380026280,1
1380028020,1
1380029520,1
1380029880,1
1380030120,1
1380030960,1
1380031440,1
1380032940,1
1380033900,1
1380035220,1
1380036660,2
1380036960,1
1380037500,1
1380037680,1
1380037800,1
1380038820,1
1380039240,1
1380039420,1
1380039960,1
1380040440,2
1380041520,2
1380041700,1
1380042240,2
1380042480,1
1380043140,1
1380044280,1
1380045060,1
1380045360,2
1380045900,1
1380045960,3
1380048360,1
1380050220,1
1380051480,1
1380052440,1
1380053340,1
1380053520,1
1380053580,1
1380054240,1
1380054720,1
1380055740,1
1380055860,4
1380056160,1
1380056700,1
1380056940,1
1380057000,2
1380057060,1
1380057120,1
1380057300,1
1380057780,2
1380057840,1
1380058080,1
1380058200,3
1380058260,1
1380058500,1
1380058920,1
1380060720,2
1380061200,1
1380061260,1
1380063360,1
1380064980,1
1380067140,1
1380069300,1
1380069720,1
1380074520,1
1380077160,1
1380107580,1
1380108360,1
1380109200,1
1380110400,1
1380111720,1
1380113520,1
1380113640,2
1380114000,1
1380115080,1
1380115680,1
1380116760,1
1380117480,1
1380118920,1
1380120180,1
1380120480,1
1380122280,1
1380123660,1
1380124020,1
1380124500,1
1380125820,1
1380125940,1
1380129180,1
1380130380,1
1380131340,2
1380131520,1
1380131760,1
1380131880,1
1380132420,1
1380134040,1
1380134700,1
1380136500,1
1380136980,1
1380137940,1
1380138060,1
1380138360,1
1380140040,1
1380140580,1
1380140880,1
1380141180,1
1380141780,1
1380142560,1
1380142920,1
1380143100,1
1380143160,1
1380143460,1
1380143580,1
1380143700,1
1380143880,2
1380144060,1
1380144180,1
1380144420,1
1380144540,1
1380144660,1
1380145200,1
1380146160,1
1380147180,1
1380148260,1
1380148380,1
1380149100,1
1380149160,1
1380150180,1
1380150300,1
1380150480,1
1380151380,1
1380151440,1
1380155100,1
1380155220,1
1380164460,1
1380165420,1
1380193620,1
1380194820,1
1380197040,1
1380197880,1
1380200640,1
1380201240,1
1380201600,2
1380201660,2
1380203220,1
1380204600,1
1380204780,1
1380205200,1
1380205680,1
1380205860,1
1380206160,1
1380207840,1
1380207960,1
1380209700,1
1380211920,1
1380213540,1
1380213720,1
1380215100,1
1380215220,1
1380216720,2
1380216780,1
1380217140,1
1380218640,1
1380219000,1
1380219660,1
1380220680,1
1380222660,1
1380223380,2
1380224100,1
1380224220,1
1380226440,1
1380227760,1
1380227880,1
1380228600,1
1380229080,1
1380229380,1
1380229560,1
1380229680,1
1380229800,1
1380229980,2
1380230160,1
1380230220,1
1380230280,2
1380230880,1
1380231000,2
1380231300,2
1380231660,1
1380232680,1
1380234180,1
1380234780,1
1380236460,1
1380238140,1
1380240360,1
1380245760,1
1380250620,1
1380250800,1
1380262500,1
1380282000,1
1380282780,1
1380283440,1
1380287460,1
1380287580,1
1380290820,1
1380292140,1
1380292500,1
1380292620,2
1380298260,1
1380298920,1
1380299040,1
1380299220,1
1380300120,1
1380300780,1
1380300960,1
1380301620,1
1380302100,1
1380303000,1
1380303060,1
1380304620,1
1380305220,1
1380305940,2
1380306420,1
1380306720,2
1380307320,1
1380308520,1
1380308880,1
1380308940,1
1380311160,1
1380312240,1
1380312660,1
1380312840,1
1380313020,2
1380313980,1
1380314220,4
1380314760,1
1380314940,1
1380315480,1
1380316140,1
1380316320,1
1380316380,2
1380316500,1
1380318000,1
1380327540,1
1380369480,1
1380370500,1
1380374880,1
1380375000,1
1380375600,2
1380379080,1
1380381960,1
1380382200,1
1380382920,1
1380383940,2
1380384240,1
1380384420,1
1380386040,2
1380386460,1
1380386520,1
1380386700,2
1380386820,1
1380388080,2
1380388260,2
1380388920,2
1380389340,1
1380389760,1
1380389940,1
1380390480,1
1380390540,1
1380390840,1
1380391380,1
1380392580,1
1380393240,1
1380393960,1
1380395940,1
1380397800,1
1380398040,1
1380398580,1
1380399060,1
1380399120,2
1380399480,1
1380399660,1
1380399780,1
1380400680,1
1380401340,1
1380405420,1
1380406800,1
1380407940,1
1380408180,1
1380408240,3
1380409200,1
1380410160,1
1380410220,3
1380411660,1
1380411720,1
1380412620,1
1380413700,1
1380419820,1
1380422820,1
1380423060,1
1380424320,1
1380424800,1
1380458820,1
1380463440,1
1380464880,1
1380466800,1
1380467280,1
1380467760,1
1380467940,1
1380469080,1
1380469740,1
1380470100,1
1380470280,1
1380470400,1
1380471600,1
1380471720,1
1380474720,1
1380475080,1
1380475620,1
1380476040,2
1380476340,1
1380478140,1
1380489300,1
1380489420,1
1380490140,1
1380491400,1
1380491880,1
1380492480,1
1380495780,1
1380496980,1
1380497460,1
1380498420,1
1380500700,1
1380504060,1
1380507540,1
1380522480,1
1380539280,1
1380539400,1
1380541500,1
1380542160,1
1380542760,1
1380543060,1
1380546360,1
1380546540,1
1380547260,1
1380547440,2
1380553140,1
1380555840,1
1380556560,1
1380557100,1
1380557820,1
1380558000,1
1380558180,1
1380558780,1
1380559140,1
1380561000,1
1380561960,1
1380562500,1
1380562620,1
1380562740,1
1380564720,1
1380568200,1
1380572040,1
1380573540,1
1380573600,1
1380574380,1
1380575220,1
1380575340,2
1380575400,1
1380575460,1
1380576060,2
1380576120,2
1380576240,1
1380576300,1
1380576420,1
1380576660,1
1380576780,1
1380576960,1
1380577020,3
1380577200,3
1380577320,1
1380577680,1
1380577800,1
1380577920,2
1380578040,1
1380578520,1
1380579360,1
1380580200,1
1380580320,1
1380582540,1
1380582780,1
1380586260,1
1380586980,1
1380625500,1
1380625740,1
1380626820,1
1380628140,1
1380628380,1
1380628500,1
1380628560,1
1380629400,1
1380629580,1
1380630120,1
1380630180,1
1380630900,1
1380631680,1
1380631860,1
1380632100,1
1380633480,1
1380636960,1
1380639240,1
1380640260,1
1380640440,1
1380641160,1
1380642120,1
1380643320,1
1380643620,1
1380644520,1
1380646920,1
1380647160,1
1380647280,1
1380650400,1
1380652320,1
1380652440,1
1380652500,1
1380653400,1
1380654060,1
1380654480,1
1380654540,1
1380654780,2
1380655380,1
1380657180,1
1380657660,1
1380657900,1
1380658800,1
1380660720,1
1380660780,1
1380661440,1
1380661560,1
1380661740,4
1380661860,5
1380662100,4
1380662160,2
1380662340,1
1380662460,1
1380663540,1
1380666420,2
1380666960,1
1380668100,1
1380668940,1
1380669900,1
1380672480,1
1380673800,1
1380676080,1
1380695220,1
1380713760,1
1380716220,1
1380717720,1
1380718140,1
1380719100,1
1380724440,1
1380724860,1
1380726300,1
1380728040,1
1380728220,1
1380729360,1
1380729840,1
1380730380,1
1380731100,1
1380733560,1
1380734760,2
1380735840,2
1380736020,1
1380736800,1
1380737280,1
1380737940,2
1380739800,1
1380740100,1
1380740160,2
1380740340,1
1380741360,1
1380741480,1
1380744360,1
1380744480,1
1380744840,1
1380745740,1
1380745800,1
1380745920,1
1380746160,2
1380747420,1
1380747960,2
1380748140,1
1380748200,2
1380748260,2
1380748380,1
1380748500,1
1380748620,1
1380748740,1
1380748800,3
1380748980,2
1380749160,1
1380751500,1
1380751620,1
1380754320,1
1380754800,1
1380756060,1
1380758280,1
1380758520,1
1380811440,1
1380814020,1
1380817200,1
1380817380,1
1380818460,2
1380818820,1
1380819120,1
1380819960,1
1380821820,1
1380823560,1
1380823680,1
1380824400,1
1380824640,1
1380824880,1
1380825180,1
1380825240,1
1380825600,3
1380826380,1
1380827580,1
1380827820,1
1380828960,1
1380830940,1
1380831060,1
1380833340,2
1380833820,1
1380834060,1
1380834420,1
1380834480,1
1380834540,3
1380834720,4
1380834780,2
1380835080,3
1380835500,1
1380835560,1
1380835860,1
1380844560,1
1380846060,2
1380846540,1
1380846660,1
1380846840,1
1380847200,1
1380847380,1
1380847740,1
1380848040,1
1380848220,1
1380848940,1
1380850080,1
1380852000,1
1380887280,1
1380887400,1
1380887580,1
1380887820,1
1380888420,1
1380889260,2
1380889740,1
1380890340,1
1380892440,1
1380893760,1
1380893880,2
1380894060,1
1380894480,2
1380894540,1
1380894840,1
1380895080,3
1380895680,1
1380896220,1
1380896340,1
1380896400,1
1380896460,1
1380897060,2
1380897300,1
1380897720,1
1380898260,2
1380898800,2
1380899580,1
1380901740,1
1380903000,1
1380903360,1
1380903900,1
1380904320,1
1380904440,1
1380904860,1
1380905700,1
1380907380,1
1380908640,1
1380908760,1
1380911040,1
1380911340,1
1380912000,1
1380912360,1
1380912840,1
1380913380,1
1380913500,1
1380914040,1
1380914580,1
1380915120,1
1380915960,1
1380916500,1
1380916980,3
1380917280,1
1380917400,1
1380918240,1
1380919020,1
1380919380,1
1380919620,1
1380919800,2
1380920040,2
1380920100,1
1380920640,5
1380920700,1
1380920820,1
1380921360,1
1380921840,1
1380921960,1
1380925560,1
1380929460,2
1380974880,1
1380981000,1
1380984180,1
1380985320,1
1380985800,1
1380987480,2
1380988560,1
1380990180,2
1380991260,1
1380991680,1
1380992460,2
1380992940,1
1380995700,1
1380995820,1
1380996960,1
1380997500,1
1380997620,1
1380997860,1
1380999360,2
1381000680,1
1381001040,1
1381002000,2
1381002600,2
1381003080,1
1381003560,1
1381003740,1
1381004340,1
1381004520,1
1381004760,1
1381005120,1
1381007220,1
1381007880,1
1381007940,1
1381009260,1
1381014180,1
1381016160,1
1381017300,1
1381022460,1
1381022580,1
1381048620,1
1381051740,2
1381066680,1
1381067760,1
1381069380,1
1381073220,1
1381076580,1
1381080660,1
1381085040,1
1381085580,1
1381086300,1
1381086900,1
1381089300,1
1381091700,1
1381099560,1
1381102020,2
1381129080,1
1381145940,1
1381146900,1
1381146960,1
1381147140,1
1381148400,1
1381150260,2
1381150320,2
1381150860,2
1381151520,1
1381152300,2
1381153920,1
1381156740,1
1381158960,1
1381160580,1
1381160760,1
1381162680,1
1381164960,1
1381165440,1
1381165500,1
1381167900,1
1381168080,1
1381168440,1
1381168500,1
1381169340,1
1381171620,1
1381172880,1
1381173840,1
1381175640,1
1381179540,1
1381180380,1
1381181280,1
1381181340,1
1381181640,1
1381181820,1
1381183560,1
1381184760,1
1381184940,1
1381186800,1
1381188420,1
1381188840,1
1381190820,1
1381190880,1
1381191060,1
1381191660,1
1381191720,1
1381191960,1
1381192200,1
1381194000,1
1381200660,1
1381202760,1
1381226400,1
1381227780,1
1381232340,1
1381232760,1
1381232880,1
1381234380,1
1381234860,1
1381236780,1
1381236900,1
1381239060,1
1381239600,1
1381240740,1
1381243500,1
1381244340,1
1381245420,1
1381246080,1
1381247400,1
1381247820,2
1381251540,1
1381252620,1
1381253160,1
1381253400,1
1381253640,2
1381254960,1
1381255380,1
1381256460,1
1381257060,1
1381257180,2
1381257960,2
1381258680,1
1381258860,1
1381259160,1
1381259760,2
1381259940,1
1381260720,1
1381261860,1
1381262100,1
1381262220,1
1381262460,1
1381263420,1
1381264020,1
1381264560,1
1381264740,1
1381265940,1
1381266300,1
1381266420,1
1381266480,1
1381266660,1
1381266720,1
1381266780,1
1381266960,2
1381267140,1
1381268100,1
1381268280,1
1381268340,1
1381268520,1
1381268760,1
1381268820,1
1381269060,1
1381269720,1
1381269900,1
1381270500,1
1381270560,1
1381270800,2
1381270980,1
1381271700,1
1381273500,1
1381278840,1
1381283820,1
1381288260,1
1381319400,1
1381319700,1
1381320900,1
1381321080,1
1381328100,2
1381328220,1
1381328340,1
1381328580,1
1381330740,1
1381334100,1
1381334820,1
1381336140,1
1381339320,1
1381340220,1
1381341420,1
1381341660,1
1381341720,1
1381343160,1
1381343700,1
1381344240,2
1381344720,1
1381345440,1
1381346040,1
1381346100,1
1381346580,1
1381347360,2
1381347420,1
1381347660,1
1381348080,2
1381350060,1
1381350240,1
1381351080,1
1381351740,2
1381351920,2
1381351980,1
1381352100,1
1381352280,2
1381352460,1
1381352880,2
1381353060,3
1381353240,2
1381353540,1
1381353780,2
1381353960,1
1381354080,1
1381354200,1
1381354380,1
1381354500,1
1381354920,1
1381355040,2
1381355160,1
1381355220,1
1381355400,2
1381355520,1
1381360260,1
1381362120,1
1381362180,1
1381362720,1
1381364280,1
1381364820,1
1381366320,1
1381403460,1
1381406040,1
1381406400,1
1381409340,1
1381409580,1
1381410600,1
1381411140,1
1381411620,1
1381414980,1
1381418280,1
1381419180,2
1381420320,1
1381421940,1
1381422240,1
1381422480,1
1381423980,1
1381426380,1
1381426560,1
1381427220,1
1381427460,1
1381428300,1
1381428660,1
1381429080,1
1381430100,1
1381432680,1
1381433760,1
1381436640,1
1381436760,2
1381437000,1
1381437960,1
1381439100,3
1381439340,2
1381439580,1
1381439880,1
1381440060,1
1381440240,2
1381440300,2
1381441260,1
1381441980,1
1381443000,1
1381443240,2
1381446300,1
1381460340,1
1381463580,3
1381489320,1
1381491540,1
1381491960,1
1381492200,1
1381495800,1
1381496580,1
1381497900,2
1381499580,1
1381500300,1
1381500780,1
1381501200,1
1381501740,1
1381501920,1
1381502100,1
1381503000,2
1381503900,1
1381504020,1
1381505580,1
1381510080,1
1381512780,1
1381512900,1
1381513800,1
1381514640,1
1381515360,1
1381516140,1
1381517040,2
1381517460,1
1381519920,1
1381520220,1
1381520820,1
1381521060,1
1381521120,1
1381521480,1
1381521600,1
1381521720,1
1381522020,1
1381522500,1
1381522620,1
1381522740,1
1381523820,3
1381524540,1
1381524780,1
1381525080,1
1381525200,1
1381525260,4
1381525680,1
1381525860,1
1381525920,2
1381529760,1
1381538520,1
1381540020,1
1381542600,1
1381546800,1
1381549620,1
1381549860,1
1381550820,1
1381552440,1
1381563420,1
1381583700,1
1381585800,1
1381586040,1
1381586520,1
1381588260,1
1381591140,1
1381593060,1
1381594980,1
1381595820,2
1381597380,1
1381602240,1
1381602600,1
1381604940,1
1381606380,1
1381606860,1
1381607700,1
1381609740,1
1381611000,1
1381613640,1
1381614120,1
1381614420,1
1381615500,3
1381616340,1
1381621740,1
1381621980,2
1381622220,1
1381622400,1
1381636080,1
1381644240,1
1381671420,1
1381677420,1
1381679160,1
1381681440,1
1381682220,1
1381682400,1
1381683000,2
1381683240,2
1381686300,2
1381687080,2
1381687200,1
1381687260,1
1381687980,2
1381688040,1
1381688220,3
1381690200,1
1381690380,1
1381692300,1
1381692660,1
1381692720,1
1381695720,1
1381696320,1
1381698180,1
1381698960,1
1381699320,1
1381699560,1
1381700100,1
1381701480,2
1381701540,1
1381703700,1
1381703820,1
1381704480,1
1381704660,1
1381704960,1
1381713840,1
1381731600,1
1381750500,1
1381751460,1
1381752180,1
1381755540,1
1381756260,1
1381756860,1
1381757520,1
1381758060,1
1381758240,1
1381764600,1
1381766520,2
1381766700,2
1381766880,1
1381767600,1
1381767960,1
1381768320,1
1381771140,1
1381772340,1
1381773000,1
1381773540,1
1381774740,1
1381776060,1
1381776960,2
1381777080,2
1381781880,1
1381782720,1
1381784100,1
1381784400,2
1381784580,1
1381784880,1
1381785000,1
1381785300,1
1381785420,2
1381785600,1
1381786260,1
1381786800,3
1381786860,1
1381787460,1
1381787520,1
1381787760,2
1381788060,1
1381788240,1
1381795020,1
1381801800,1
1381804200,1
1381818420,1
1381835760,1
1381837140,2
1381840380,1
1381841460,1
1381841640,3
1381841820,1
1381842120,1
1381842420,1
1381848300,1
1381850940,1
1381851840,2
1381852200,1
1381853760,1
1381854540,1
1381855080,1
1381857300,1
1381858140,1
1381859340,1
1381865100,3
1381865880,2
1381865940,1
1381868340,2
1381868640,1
1381868820,1
1381869180,1
1381869300,1
1381869660,1
1381870140,1
1381870260,1
1381870500,1
1381870800,1
1381871640,1
1381871760,2
1381872060,3
1381872360,1
1381872720,1
1381873200,4
1381873500,1
1381873560,1
1381873680,2
1381873860,4
1381873980,3
1381874160,1
1381874280,1
1381874880,1
1381875000,2
1381875300,1
1381875480,1
1381875540,1
1381876260,1
1381882980,1
1381884300,1
1381885320,1
1381886760,1
1381889520,1
1381905240,1
1381924140,1
1381927140,1
1381928640,1
1381929000,1
1381929720,1
1381929780,2
1381930740,2
1381931280,1
1381931400,3
1381932420,1
1381933080,1
1381934520,1
1381936440,1
1381936800,1
1381939020,1
1381941540,1
1381942200,1
1381942440,1
1381945020,1
1381945440,1
1381945620,1
1381946340,1
1381947780,1
1381947840,1
1381948800,2
1381949400,1
1381949580,1
1381951260,1
1381951320,1
1381951980,1
1381952160,1
1381952400,1
1381954500,1
1381954560,1
1381955220,1
1381957020,1
1381957260,1
1381957440,1
1381957680,1
1381957860,1
1381958280,1
1381961640,1
1381963620,1
1381963980,1
1381964280,1
1381964460,1
1381975440,1
1381976520,1
1381984620,1
1382004780,1
1382010480,1
1382010540,1
1382012760,1
1382015520,2
1382015940,1
1382016780,3
1382017080,1
1382017380,1
1382018160,4
1382018340,1
1382018760,1
1382018880,2
1382019420,1
1382020140,2
1382020320,1
1382022900,1
1382023260,1
1382024340,1
1382024940,1
1382027100,1
1382028300,1
1382028540,2
1382028960,1
1382029740,1
1382030040,1
1382030220,1
1382030280,2
1382030820,1
1382030880,1
1382032380,1
1382033820,1
1382035320,1
1382036700,1
1382036820,1
1382037240,1
1382037660,1
1382038260,1
1382038980,1
1382039460,1
1382040240,1
1382040360,1
1382040540,1
1382041200,1
1382041440,1
1382042280,1
1382042760,1
1382043240,1
1382043540,1
1382043780,2
1382044020,1
1382044500,1
1382044620,2
1382044800,2
1382045640,1
1382048340,1
1382050920,1
1382051580,1
1382053980,1
1382055060,1
1382055240,1
1382064060,1
1382067180,1
1382067240,1
1382067420,1
1382095140,1
1382096340,1
1382098800,1
1382100000,1
1382100120,1
1382100480,1
1382100780,1
1382101080,1
1382101380,1
1382102400,2
1382102640,1
1382103180,2
1382104860,1
1382105160,1
1382105220,1
1382105460,1
1382109120,1
1382110320,1
1382113440,1
1382113560,2
1382113860,1
1382113980,1
1382114040,1
1382115000,1
1382115420,1
1382116020,1
1382116320,1
1382117280,1
1382118060,1
1382119800,1
1382120280,1
1382120880,2
1382121480,1
1382122140,2
1382122260,1
1382122560,1
1382122620,1
1382122680,1
1382123220,1
1382123700,1
1382124000,1
1382124840,1
1382124960,1
1382125920,2
1382126580,1
1382127720,1
1382127840,1
1382128740,3
1382129160,1
1382129220,1
1382129820,1
1382130000,5
1382130180,4
1382130300,2
1382130360,1
1382130660,1
1382130960,1
1382133720,1
1382134320,2
1382136540,1
1382147100,1
1382147340,1
1382147400,1
1382148600,1
1382149320,1
1382151120,1
1382151240,1
1382187660,1
1382192880,1
1382196240,2
1382196360,2
1382197440,1
1382198640,2
1382199360,1
1382200260,1
1382201340,1
1382201820,1
1382203680,1
1382204700,1
1382205180,1
1382205900,1
1382206800,1
1382207220,1
1382207460,1
1382207700,1
1382208960,1
1382214120,1
1382214480,1
1382217300,1
1382221800,1
1382221920,1
1382224740,2
1382228220,1
1382234880,1
1382240400,1
1382272260,1
1382273040,1
1382279580,1
1382280660,1
1382281500,1
1382284440,1
1382288580,1
1382289240,2
1382290980,2
1382291220,2
1382291460,1
1382291700,1
1382299080,1
1382299560,1
1382300940,1
1382302320,1
1382304840,1
1382305080,1
1382305800,1
1382314800,1
1382315340,1
1382321820,1
1382321940,1
1382356740,1
1382358180,1
1382360280,1
1382362680,1
1382363040,1
1382365740,1
1382366100,1
1382366460,1
1382366700,1
1382367300,1
1382367420,1
1382367540,1
1382368020,2
1382368620,1
1382369160,1
1382369400,1
1382372460,1
1382373900,1
1382374140,1
1382374200,1
1382374980,1
1382375940,1
1382376360,1
1382376780,1
1382377500,1
1382377980,1
1382379540,1
1382379720,1
1382382180,1
1382382480,1
1382383560,1
1382385780,1
1382386020,1
1382386860,1
1382387160,1
1382387340,1
1382387460,1
1382388000,2
1382388900,1
1382389260,1
1382389680,2
1382389920,1
1382389980,1
1382390040,3
1382390280,1
1382390700,1
1382390880,2
1382391180,1
1382391540,1
1382391600,2
1382391840,1
1382391960,1
1382392020,2
1382392260,1
1382392440,1
1382394120,1
1382400000,1
1382400180,1
1382405640,1
1382406600,1
1382406780,1
1382438700,1
1382440620,1
1382440860,1
1382445540,1
1382446200,1
1382446680,1
1382447280,1
1382451300,1
1382451600,1
1382454240,1
1382454420,2
1382456820,1
1382460780,1
1382460900,1
1382461020,1
1382461200,1
1382461740,1
1382463120,1
1382463540,1
1382463780,2
1382463900,1
1382464740,1
1382466060,1
1382466120,1
1382466660,2
1382468220,1
1382468940,1
1382469000,1
1382470560,1
1382470860,1
1382472180,2
1382472300,2
1382473080,1
1382473500,2
1382473680,2
1382473920,1
1382473980,2
1382474340,2
1382474460,1
1382474820,1
1382474940,1
1382476080,1
1382476260,2
1382476380,2
1382476800,2
1382476980,1
1382477340,1
1382477880,3
1382478240,2
1382478300,1
1382486280,1
1382491560,1
1382526900,1
1382527140,1
1382530380,1
1382530980,1
1382531700,1
1382532720,1
1382535000,1
1382535120,1
1382536440,1
1382536980,1
1382539560,1
1382540700,1
1382540940,2
1382541060,2
1382541780,1
1382544120,1
1382544300,1
1382545740,1
1382548320,1
1382549160,1
1382549760,1
1382550540,1
1382551740,1
1382552400,1
1382552940,1
1382553960,1
1382554080,1
1382554500,1
1382554980,1
1382555760,2
1382558220,1
1382559600,1
1382559720,1
1382562660,2
1382562900,5
1382563020,1
1382563260,2
1382563440,2
1382563560,1
1382563860,2
1382563920,1
1382564280,1
1382564640,2
1382564820,2
1382565060,2
1382565780,1
1382566140,1
1382566380,1
1382566680,1
1382566860,1
1382567340,3
1382567400,1
1382568240,1
1382570040,1
1382576280,1
1382576820,1
1382613720,1
1382616660,1
1382617140,1
1382617680,1
1382622180,1
1382623200,1
1382623620,1
1382624100,1
1382625960,1
1382627580,1
1382627640,1
1382627820,1
1382630040,1
1382630220,2
1382630460,1
1382632380,1
1382634720,2
1382635440,1
1382636340,2
1382636520,1
1382637420,1
1382637840,1
1382640240,1
1382640900,1
1382641860,2
1382642280,1
1382643180,1
1382643840,2
1382644920,2
1382645280,1
1382645460,1
1382645580,1
1382646000,2
1382648040,1
1382648640,1
1382649060,2
1382649180,1
1382649720,1
1382649840,1
1382650200,1
1382650380,1
1382650440,2
1382651160,1
1382651340,1
1382651820,1
1382651880,1
1382652480,1
1382652780,1
1382653020,1
1382653200,1
1382653380,1
1382677500,1
1382699340,1
1382699760,1
1382702940,3
1382703540,1
1382704200,1
1382705220,1
1382706840,1
1382707740,1
1382708160,1
1382708640,1
1382709600,1
1382711520,1
1382712780,2
1382713020,1
1382715900,1
1382718120,1
1382718540,1
1382719260,1
1382719800,1
1382720520,1
1382720940,1
1382723100,1
1382724360,1
1382726160,2
1382727420,1
1382727540,1
1382727780,1
1382730060,2
1382731380,1
1382732460,2
1382732760,1
1382732820,2
1382733120,1
1382733360,1
1382733480,1
1382734140,1
1382734500,1
1382735040,1
1382735100,1
1382735340,2
1382735400,1
1382736120,1
1382736240,1
1382738400,1
1382739000,1
1382739900,1
1382740500,2
1382740800,1
1382741220,1
1382741340,2
1382742600,1
1382744100,1
1382744160,1
1382745180,2
1382745480,1
1382746380,1
1382747220,2
1382747460,1
1382748180,1
1382756400,1
1382795220,1
1382795460,1
1382796420,1
1382804040,2
1382805420,1
1382805540,1
1382805720,2
1382812020,1
1382812560,1
1382812920,1
1382815620,1
1382815740,1
1382816700,1
1382817000,1
1382817120,1
1382819400,1
1382820600,1
1382825100,2
1382827620,1
1382827740,1
1382832900,1
1382833080,1
1382833680,1
1382842740,1
1382844180,1
1382882100,1
1382886600,1
1382890260,1
1382891040,1
1382892420,1
1382892480,1
1382893980,1
1382894160,1
1382894760,1
1382894820,1
1382896080,2
1382896680,1
1382898240,1
1382898600,1
1382899200,1
1382900820,1
1382900880,1
1382901180,1
1382901840,1
1382905260,1
1382906460,2
1382906580,2
1382908020,1
1382910180,2
1382910900,1
1382914200,1
1382916420,1
1382918340,1
1382921040,1
1382927760,1
1382956020,1
1382960640,1
1382962740,2
1382962980,1
1382967720,1
1382968260,1
1382968380,1
1382968980,1
1382971560,2
1382971680,1
1382972580,1
1382973180,1
1382979000,1
1382979540,1
1382979780,1
1382980500,1
1382981580,2
1382981760,1
1382982060,1
1382982540,2
1382988180,1
1382991420,1
1382993520,1
1382993760,1
1382994720,2
1382995020,1
1382995140,1
1382995260,2
1382995620,2
1382995740,1
1382995800,1
1382995920,1
1382996100,1
1382996220,1
1382996340,1
1382996520,2
1382996880,1
1382996940,1
1382997300,1
1382997540,1
1382997780,1
1382998020,1
1382998320,1
1382998620,2
1382999640,1
1382999940,1
1383000060,1
1383000420,1
1383000480,1
1383000600,1
1383012120,1
1383019800,1
1383045360,1
1383050580,1
1383051840,1
1383051960,1
1383052560,1
1383053100,1
1383053400,1
1383055140,1
1383055440,1
1383056640,1
1383059100,1
1383059760,1
1383060060,1
1383063240,1
1383064380,1
1383064620,1
1383064680,1
1383065580,1
1383067620,2
1383067860,1
1383068160,1
1383068340,1
1383068520,1
1383068640,1
1383069120,3
1383069900,1
1383071280,1
1383072120,1
1383073860,1
1383075240,1
1383076620,1
1383077160,1
1383077280,1
1383077400,1
1383077820,1
1383078060,1
1383079140,1
1383079620,1
1383079920,1
1383081000,1
1383081240,1
1383081360,1
1383081540,1
1383081660,2
1383082380,1
1383082620,1
1383082800,1
1383082920,1
1383083160,1
1383083340,1
1383083580,3
1383083940,2
1383084060,1
1383084540,1
1383085920,1
1383087540,1
1383088680,1
1383089760,1
1383097680,1
1383131640,1
1383137160,2
1383137400,1
1383138900,1
1383141720,1
1383142200,1
1383143400,1
1383143520,1
1383145140,1
1383148860,1
1383150480,1
1383150780,1
1383152100,1
1383152880,1
1383153000,1
1383153120,1
1383153240,1
1383154020,1
1383154260,1
1383154320,1
1383155220,2
1383155460,1
1383156360,1
1383156600,1
1383156780,1
1383157200,1
1383157680,1
1383158640,1
1383158820,1
1383159900,1
1383160380,1
1383161220,3
1383161520,1
1383162900,1
1383163320,1
1383163800,1
1383166800,1
1383167220,1
1383167700,1
1383167940,2
1383168060,1
1383168240,2
1383169020,2
1383169140,2
1383169320,1
1383169440,1
1383169860,1
1383171240,1
1383174000,1
1383179040,1
1383182460,1
1383218100,1
1383219240,1
1383220200,1
1383224040,1
1383224340,1
1383225720,1
1383225960,1
1383226140,1
1383226560,1
1383227700,1
1383229200,1
1383229860,1
1383230760,1
1383231600,1
1383232500,1
1383234180,1
1383236340,1
1383237060,1
1383237900,1
1383238080,1
1383238380,1
1383239640,1
1383240120,1
1383240240,1
1383240300,1
1383240660,1
1383241200,1
1383242520,1
1383242760,1
1383245820,1
1383246600,1
1383247080,1
1383247440,1
1383248940,1
1383250860,1
1383251400,1
1383252120,1
1383252660,1
1383252960,1
1383253200,1
1383253380,2
1383253560,2
1383253860,2
1383254100,1
1383254160,1
1383254280,2
1383254580,2
1383254940,1
1383258540,1
1383259500,1
1383260460,1
1383260940,1
1383261840,1
1383262080,1
1383262560,1
1383262860,1
1383272040,1
1383272760,1
1383288060,1
1383306060,2
1383307620,1
1383308100,1
1383311340,1
1383312060,1
1383320580,1
1383321720,1
1383323340,1
1383323760,1
1383324420,1
1383324540,1
1383325800,1
1383327060,1
1383327120,1
1383329280,1
1383329640,2
1383329940,1
1383330060,1
1383330420,2
1383330480,1
1383331320,1
1383332160,1
1383333720,1
1383334920,1
1383335220,1
1383336540,1
1383336840,2
1383336900,1
1383337200,1
1383337680,1
1383338040,1
1383343320,1
1383345240,1
1383346860,1
1383347100,1
1383347220,1
1383349680,1
1383355920,1
1383359880,1
1383364740,1
1383392880,1
1383394980,1
1383397980,1
1383398640,1
1383402420,1
1383404160,1
1383406320,1
1383406380,1
1383407880,1
1383408540,1
1383408660,1
1383409020,1
1383409260,1
1383409440,1
1383410460,1
1383410520,1
1383410820,1
1383412500,1
1383413940,1
1383414060,1
1383414180,1
1383415380,1
1383416760,1
1383418140,1
1383419160,1
1383420000,1
1383420240,2
1383421200,1
1383424500,1
1383426480,1
1383426600,1
1383427020,1
1383427560,1
1383429480,1
1383429780,1
1383430140,1
1383432360,1
1383432540,1
1383436260,1
1383440460,1
1383442860,1
1383443880,1
1383444300,1
1383446460,1
1383446820,1
1383446940,1
1383447240,1
1383458520,9
1383487680,1
1383488340,1
1383491160,1
1383495180,1
1383498840,1
1383498900,1
1383502140,1
1383502260,1
1383503760,2
1383504300,1
1383504480,1
1383506520,1
1383508860,1
1383508920,1
1383509220,1
1383511140,1
1383511260,1
1383512700,1
1383513660,1
1383513900,2
1383514080,1
1383517440,1
1383517560,1
1383518640,1
1383521280,1
1383523200,1
1383534240,1
1383566520,1
1383569280,1
1383570780,1
1383571260,1
1383572400,1
1383573240,1
1383573600,2
1383573840,1
1383578580,1
1383581100,1
1383581340,1
1383583620,1
1383583680,1
1383584100,1
1383584820,2
1383585000,1
1383588240,1
1383588780,1
1383589260,1
1383590100,1
1383591720,2
1383593160,1
1383593220,1
1383593580,1
1383596340,1
1383596760,1
1383597720,1
1383598920,2
1383599040,1
1383599820,1
1383600420,1
1383600600,1
1383602940,1
1383603180,1
1383603360,1
1383603540,2
1383603960,1
1383604560,1
1383604860,1
1383605220,1
1383605340,1
1383605400,1
1383605580,1
1383605760,1
1383606660,2
1383607200,1
1383607320,1
1383607680,1
1383608280,1
1383608700,1
1383609060,1
1383609480,1
1383610320,1
1383610680,1
1383611160,1
1383611640,1
1383612360,2
1383613440,1
1383613980,1
1383614820,1
1383615180,1
1383616680,1
1383617220,2
1383622560,1
1383622980,1
1383649560,1
1383649980,1
1383654420,1
1383655500,1
1383659400,1
1383659820,1
1383660420,1
1383661800,1
1383662160,1
1383666420,1
1383668220,1
1383668820,1
1383670020,1
1383670320,1
1383670380,1
1383670920,1
1383672060,1
1383672360,1
1383674100,1
1383675420,1
1383675780,1
1383676560,1
1383676740,1
1383677220,1
1383677400,1
1383677940,1
1383678660,1
1383679440,1
1383679620,1
1383680160,1
1383680280,1
1383683640,1
1383685380,1
1383685620,1
1383685680,1
1383686880,2
1383687240,1
1383687360,1
1383688320,1
1383689160,1
1383689460,1
1383690000,1
1383690420,1
1383691200,1
1383691260,1
1383691500,1
1383691680,1
1383691920,1
1383692160,1
1383692880,1
1383693600,2
1383694380,1
1383694620,1
1383695880,1
1383697260,1
1383698160,1
1383699120,1
1383699600,1
1383703800,1
1383712680,1
1383742320,1
1383742560,1
1383742680,1
1383746160,1
1383747000,1
1383747240,1
1383749880,1
1383754560,1
1383754680,1
1383755280,1
1383756720,1
1383757500,1
1383758400,1
1383760500,1
1383762660,1
1383762900,1
1383763020,1
1383764940,1
1383765120,1
1383767040,1
1383767280,1
1383767400,1
1383768000,1
1383770100,1
1383770880,1
1383771360,1
1383774060,1
1383774360,1
1383775560,1
1383775620,1
1383775680,1
1383776220,2
1383776340,1
1383776520,1
1383776760,1
1383777120,1
1383777180,3
1383777360,1
1383777420,1
1383777540,1
1383777600,1
1383778080,1
1383778260,2
1383778500,1
1383778620,1
1383779160,1
1383780120,1
1383780240,1
1383780360,1
1383780600,1
1383780840,2
1383781140,1
1383781380,1
1383781560,1
1383781860,1
1383783300,1
1383785700,1
1383788340,1
1383788940,1
1383829560,1
1383829920,1
1383831480,1
1383832500,1
1383832560,1
1383832740,1
1383832920,1
1383835080,1
1383835380,1
1383836820,1
1383837000,1
1383837600,1
1383843900,1
1383845700,1
1383847080,1
1383847740,1
1383849600,1
1383859080,1
1383859620,1
1383860940,1
1383861600,2
1383861720,1
1383862140,1
1383862200,1
1383862380,1
1383862560,1
1383862680,1
1383863640,1
1383863760,1
1383864000,1
1383864240,1
1383864480,3
1383864720,1
1383864780,2
1383864900,1
1383865140,1
1383865200,1
1383865380,2
1383865980,1
1383866040,1
1383866280,1
1383867120,2
1383867180,1
1383867720,2
1383867960,1
1383868020,2
1383868140,1
1383869160,1
1383870960,1
1383871320,1
1383872040,1
1383877020,1
1383881760,1
1383884280,1
1383886920,1
1383907680,1
1383915540,1
1383916620,1
1383917280,2
1383919020,1
1383920340,1
1383921180,1
1383925560,1
1383928380,1
1383931140,1
1383934020,1
1383934740,1
1383936000,1
1383936480,1
1383937560,1
1383937740,1
1383938760,2
1383939300,1
1383939900,1
1383940560,2
1383941160,1
1383941640,1
1383941760,1
1383942240,1
1383943860,1
1383944340,1
1383944520,1
1383945120,1
1383945180,1
1383945360,1
1383945600,1
1383946140,1
1383947580,2
1383947700,1
1383947760,1
1383947940,1
1383948480,1
1383948780,1
1383949140,1
1383952320,1
1383953340,1
1383955800,1
1383955980,1
1383962520,1
1383963360,1
1383965580,1
1383971220,1
1383973560,1
1383974280,1
1383978300,1
1384004100,1
1384004400,1
1384005360,1
1384008780,1
1384014060,1
1384015020,1
1384017420,1
1384018140,2
1384019400,1
1384021020,1
1384021500,1
1384021800,1
1384022520,3
1384024620,1
1384024740,2
1384026540,1
1384026720,1
1384028580,1
1384032960,1
1384033440,1
1384034340,2
1384035840,1
1384044660,1
1384068780,1
1384087260,1
1384089420,1
1384097880,1
1384098000,1
1384098840,1
1384106760,1
1384107000,1
1384110900,1
1384114380,1
1384120320,1
1384120860,1
1384123560,1
1384127520,1
1384129080,1
1384131180,2
1384131660,1
1384142940,1
1384154760,1
1384173540,1
1384174020,1
1384179000,1
1384180200,1
1384180680,1
1384180860,1
1384181340,1
1384186260,1
1384186380,1
1384186860,1
1384186980,1
1384188360,1
1384188420,1
1384189380,1
1384190400,1
1384191420,1
1384192380,1
1384192980,1
1384194060,1
1384194180,2
1384194360,1
1384194540,1
1384195020,1
1384195140,1
1384196280,1
1384197060,1
1384201620,1
1384204620,1
1384206480,1
1384206660,1
1384206720,1
1384206840,1
1384207440,1
1384207560,2
1384207740,1
1384207920,3
1384208340,1
1384208820,2
1384209120,1
1384209420,1
1384209960,1
1384210500,1
1384211220,1
1384211340,1
1384211460,1
1384211760,1
1384212660,1
1384213080,2
1384213440,1
1384213860,1
1384216080,1
1384250040,1
1384266120,1
1384267440,1
1384270200,1
1384276380,2
1384280400,1
1384281540,1
1384281780,1
1384282080,1
1384282680,2
1384284660,1
1384285380,1
1384287600,1
1384289640,1
1384290360,1
1384293120,1
1384293960,1
1384294140,1
1384295040,2
1384295880,1
1384296060,1
1384296300,1
1384296780,1
1384298580,1
1384303080,1
1384304460,1
1384304520,1
1384307760,1
1384336620,1
1384346520,1
1384347000,1
1384347540,1
1384347660,1
1384350180,1
1384353660,1
1384354680,1
1384355400,1
1384355700,1
1384356600,1
1384357140,1
1384357740,1
1384358460,1
1384358940,1
1384361040,1
1384364580,1
1384365060,1
1384366200,1
1384368480,1
1384368900,1
1384369380,1
1384371240,1
1384371540,1
1384372440,2
1384372920,1
1384373520,2
1384373700,1
1384374000,1
1384374120,1
1384374240,1
1384374420,1
1384374660,1
1384375920,1
1384376880,1
1384377420,1
1384377780,1
1384378020,1
1384379400,1
1384379700,1
1384380000,1
1384380360,1
1384380840,1
1384380960,1
1384381740,1
1384381980,1
1384382040,2
1384382220,1
1384382880,1
1384383480,1
1384383540,1
1384384080,1
1384384260,1
1384384620,1
1384386240,1
1384386600,1
1384387380,1
1384387560,1
1384388160,1
1384389900,1
1384390200,1
1384390320,1
1384390380,1
1384390860,1
1384391040,1
1384391940,1
1384392600,1
1384395840,1
1384406520,1
1384433700,1
1384438860,2
1384441440,1
1384442640,1
1384443360,1
1384445640,1
1384448040,1
1384448640,2
1384448760,2
1384448880,1
1384449480,1
1384449600,1
1384450860,1
1384451220,1
1384452120,1
1384452420,1
1384453680,1
1384455480,1
1384455540,1
1384455720,1
1384457880,1
1384458120,1
1384458720,1
1384459440,1
1384460040,1
1384460400,1
1384461240,1
1384463100,1
1384463460,1
1384464000,1
1384464300,1
1384465140,2
1384465800,1
1384466820,1
1384467060,1
1384467180,2
1384467540,1
1384467660,1
1384467960,1
1384468140,2
1384468500,1
1384469100,1
1384469220,1
1384469340,1
1384469940,1
1384470480,1
1384470600,1
1384470780,1
1384470840,1
1384472340,1
1384472580,2
1384472700,1
1384472760,1
1384472940,1
1384474440,1
1384475160,1
1384476180,2
1384476780,1
1384519560,1
1384520220,1
1384523220,1
1384525080,2
1384526040,1
1384533900,1
1384534320,1
1384534680,1
1384535940,1
1384536240,1
1384537260,1
1384537800,1
1384537980,1
1384539240,1
1384539360,1
1384539540,1
1384539780,1
1384540020,1
1384540560,1
1384543080,1
1384543500,1
1384544220,1
1384544760,1
1384545540,1
1384546140,1
1384546200,1
1384546260,1
1384549260,1
1384549860,1
1384550640,1
1384550820,1
1384550880,1
1384551840,1
1384552440,2
1384552620,1
1384552980,1
1384553580,4
1384554180,1
1384554300,1
1384554360,1
1384554420,1
1384554720,1
1384554780,1
1384554960,1
1384555080,3
1384555260,1
1384555320,1
1384555620,1
1384556160,1
1384557780,1
1384557900,2
1384558980,1
1384569780,1
1384604700,1
1384608660,1
1384609020,1
1384609500,1
1384615740,1
1384615800,1
1384618140,1
1384618980,1
1384620480,1
1384620540,1
1384620780,1
1384623480,1
1384623600,1
1384623840,1
1384624680,1
1384625400,1
1384628220,1
1384628340,1
1384629420,1
1384629660,1
1384629840,1
1384631340,1
1384632180,1
1384632360,1
1384634940,2
1384635540,2
1384635600,2
1384635780,1
1384637040,1
1384640760,2
1384641540,1
1384643820,1
1384643880,1
1384644540,1
1384645740,1
1384656240,1
1384658760,1
1384661880,1
1384680180,1
1384695180,1
1384696500,1
1384710960,1
1384712520,1
1384713540,1
1384723680,1
1384724460,1
1384725300,1
1384726740,1
1384726800,1
1384726980,1
1384727460,1
1384728120,1
1384728300,1
1384732800,1
1384734180,1
1384735380,1
1384736580,1
1384740120,1
1384767660,1
1384778880,1
1384779240,1
1384780800,1
1384780980,1
1384781220,1
1384782720,1
1384783140,1
1384784400,1
1384784640,1
1384785000,1
1384785060,1
1384785300,1
1384788960,1
1384789140,1
1384790460,1
1384791240,1
1384792740,1
1384793700,1
1384795200,1
1384795320,1
1384796400,1
1384796580,1
1384796700,1
1384797780,1
1384797960,1
1384799220,1
1384799820,1
1384799940,1
1384800120,1
1384800300,1
1384801860,1
1384802820,2
1384804140,1
1384805040,1
1384806600,1
1384808160,1
1384808460,1
1384809480,1
1384811100,6
1384811160,4
1384811340,2
1384811580,1
1384811640,2
1384811760,1
1384811820,2
1384812420,1
1384812900,1
1384813500,2
1384813620,3
1384813740,1
1384814400,1
1384814640,2
1384814820,2
1384815060,1
1384815240,1
1384815780,1
1384815960,1
1384816320,1
1384816500,1
1384817460,1
1384817760,1
1384818540,1
1384818840,1
1384821480,1
1384823880,1
1384825560,1
1384825800,1
1384827960,1
1384834980,1
1384863840,1
1384869960,1
1384870080,1
1384870380,1
1384870680,2
1384871040,1
1384872060,1
1384873020,1
1384873740,1
1384875360,1
1384875780,1
1384878960,1
1384879380,1
1384879620,1
1384880220,1
1384881660,1
1384882860,1
1384882920,1
1384883160,1
1384883340,1
1384884060,1
1384884900,1
1384885020,2
1384885200,1
1384885260,1
1384886820,1
1384890300,1
1384890960,1
1384891800,1
1384891920,1
1384893180,1
1384895400,1
1384896600,1
1384896840,1
1384898820,1
1384899000,1
1384899120,1
1384899360,1
1384899660,1
1384899840,1
1384900080,1
1384900260,2
1384900440,1
1384900500,1
1384900560,1
1384900740,1
1384900980,2
1384901400,1
1385591100,1
1385592000,1
1385592900,1
1385596380,1
1385610780,1
1385646840,1
1385651280,1
1385662200,1
1385673720,1
1385684220,1
1385723460,1
1385748120,1
1385748600,1
1385751240,1
1385754360,1
1385760720,2
1385760900,1
1385762160,1
1385763960,1
1385766420,1
1385766720,1
1385773980,1
1385776740,1
1385780460,1
1385788020,1
1385817960,1
1385827560,1
1385831880,1
1385832120,1
1385840280,1
1385840820,1
1385846520,1
1385850540,1
1385855700,1
1385872020,1
1385884920,1
1385894820,1
1385903340,1
1385911740,1
1385912520,1
1385913180,1
1385915280,1
1385918760,1
1385919180,1
1385923980,1
1385925900,1
1385926200,1
1385926920,1
1385929680,1
1385931240,1
1385934120,1
1385938680,1
1385939340,1
1385941320,1
1385944200,1
1385947680,1
1385953620,1
1385958720,1
1385984880,1
1385989260,1
1385990160,1
1385990280,1
1385993640,1
1385995140,1
1385999460,1
1385999520,4
1385999580,1
1385999640,5
1385999700,6
1386000000,1
1386000120,3
1386005760,1
1386006120,1
1386007020,1
1386007440,1
1386007800,1
1386007860,1
1386007980,2
1386008400,1
1386011220,1
1386011820,1
1386012060,1
1386017040,1
1386019260,1
1386019320,1
1386019380,1
1386019440,1
1386022140,1
1386022500,1
1386022680,1
1386023040,1
1386023220,1
1386023520,1
1386023580,1
1386023760,1
1386024600,1
1386024780,1
1386026820,1
1386027120,1
1386028740,1
1386028800,1
1386031980,1
1386034020,1
1386040740,1
1386041280,1
1386044460,1
1386074160,1
1386074880,1
1386076020,1
1386079500,1
1386079560,1
1386079980,1
1386080100,1
1386085380,1
1386086520,1
1386087720,1
1386089040,1
1386089160,1
1386089520,1
1386089580,1
1386091140,1
1386091920,1
1386091980,1
1386093120,1
1386093480,1
1386094860,1
1386096120,1
1386096480,1
1386096840,1
1386097320,1
1386098100,1
1386098520,1
1386098700,1
1386099060,1
1386101580,1
1386102480,1
1386103560,1
1386105240,1
1386106740,1
1386107100,1
1386107340,1
1386107400,1
1386107580,1
1386107940,1
1386108240,1
1386108420,1
1386108660,1
1386109140,1
1386109560,1
1386109740,1
1386109860,1
1386111120,1
1386111600,1
1386111720,1
1386112080,1
1386112260,1
1386112980,1
1386114060,1
1386114180,1
1386114240,1
1386114300,2
1386114420,2
1386115080,1
1386115440,1
1386115500,1
1386115740,1
1386115920,1
1386116100,1
1386116280,1
1386116520,1
1386119280,1
1386119700,1
1386120180,1
1386120360,1
1386128460,1
1386160860,1
1386161760,1
1386162120,1
1386163860,1
1386165060,1
1386166260,1
1386171300,6
1386171360,1
1386171420,2
1386171540,3
1386171660,3
1386171720,1
1386171780,2
1386171900,2
1386172020,2
1386174180,1
1386174600,16
1386175680,1
1386177300,1
1386177600,1
1386177780,1
1386178380,1
1386179400,1
1386179640,1
1386180240,1
1386181380,1
1386182640,1
1386184980,1
1386185040,1
1386186660,1
1386186960,1
1386187920,1
1386188700,1
1386188820,1
1386189000,1
1386191460,1
1386193500,1
1386194220,1
1386194580,1
1386194760,1
1386195300,1
1386195660,1
1386196560,1
1386196620,1
1386197220,1
1386197460,1
1386197520,2
1386197820,1
1386198300,1
1386198360,2
1386198600,1
1386200220,1
1386201060,1
1386202740,1
1386202920,1
1386203940,1
1386204900,1
1386205320,1
1386205380,1
1386205560,1
1386208440,1
1386208920,1
1386209400,1
1386210120,1
1386212820,1
1386221160,1
1386247860,1
1386248340,1
1386248580,1
1386250980,1
1386251460,1
1386253680,1
1386253980,1
1386259080,1
1386259380,1
1386261000,1
1386261060,1
1386261600,1
1386264540,1
1386265140,1
1386265200,1
1386265560,1
1386265620,1
1386267840,1
1386269160,1
1386269700,1
1386270000,2
1386270600,2
1386270720,1
1386270900,1
1386271320,1
1386272100,1
1386273360,1
1386275580,1
1386277800,1
1386279240,1
1386280440,1
1386280560,1
1386280920,1
1386282660,1
1386282960,1
1386283920,1
1386285420,1
1386285540,1
1386286320,1
1386290700,1
1386291300,1
1386292740,1
1386299820,1
1386300000,1
1386305820,1
1386306720,1
1386332940,1
1386341160,1
1386346980,1
1386350100,1
1386354540,1
1386355560,1
1386357420,1
1386358080,1
1386367380,1
1386367680,2
1386368700,1
1386368880,1
1386368940,1
1386369300,1
1386369540,1
1386369720,1
1386370560,1
1386373500,1
1386373680,1
1386381420,1
1386384720,1
1386386520,1
1386387420,1
1386391920,1
1386395220,1
1386409620,1
1386421920,1
1386424320,1
1386428340,1
1386430860,1
1386431700,1
1386433440,1
1386435180,1
1386437340,1
1386438780,1
1386438900,1
1386439140,1
1386439560,1
1386439920,1
1386442920,1
1386442980,1
1386444540,1
1386448620,1
1386448800,1
1386451740,1
1386452040,2
1386453600,1
1386456300,1
1386456360,1
1386457020,1
1386461340,1
1386465060,1
1386475140,1
1386523980,1
1386526320,1
1386531960,1
1386538020,1
1386547440,1
1386558540,1
1386599700,1
1386600960,1
1386608520,1
1386610380,1
1386611100,1
1386612120,1
1386615060,1
1386619680,1
1386621060,1
1386621120,1
1386622260,1
1386622320,1
1386625380,1
1386626760,1
1386627840,1
1386628080,1
1386629580,1
1386629700,1
1386630660,1
1386630780,1
1386633780,1
1386634020,1
1386634140,2
1386634380,1
1386636540,1
1386637200,1
1386639540,1
1386677880,1
1386679860,1
1386696900,1
1386704280,1
1386706860,1
1386711660,1
1386713460,1
1386714000,1
1386716100,1
1386717420,1
1386717840,1
1386718860,1
1386721320,1
1386723720,1
1386725220,1
1386766620,1
1386769860,1
1386773280,1
1386774840,1
1386781020,1
1386784740,1
1386785220,1
1386787020,1
1386787920,1
1386788400,1
1386788460,1
1386788820,1
1386790020,1
1386790140,1
1386790380,2
1386791400,1
1386791820,1
1386793620,1
1386793860,1
1386794280,1
1386795120,1
1386796620,1
1386797040,1
1386797640,1
1386798420,1
1386799020,1
1386799620,1
1386801420,1
1386802380,1
1386802500,1
1386805140,1
1386807000,1
1386807120,1
1386808680,1
1386809100,1
1386809220,1
1386810240,1
1386812760,1
1386823200,1
1386854940,1
1386855900,1
1386861960,1
1386868500,1
1386868680,1
1386868980,1
1386872940,2
1386873480,1
1386874500,1
1386876300,1
1386876540,1
1386878100,1
1386878340,1
1386878460,1
1386879120,1
1386880020,1
1386883080,1
1386883320,1
1386883980,1
1386884940,1
1386885060,1
1386889200,1
1386889500,1
1386891120,1
1386892680,1
1386895320,1
1386896100,1
1386896640,1
1386897120,1
1386900120,1
1386900300,1
1386901320,1
1386903420,1
1386904080,1
1386904620,1
1386906120,1
1386907320,1
1386907920,1
1386913620,1
1386916320,1
1386916920,1
1386917520,1
1386922020,1
1386922920,1
1386925320,1
1386927420,1
1386937620,1
1386938040,1
1386938520,1
1386940320,1
1386940920,1
1386941700,1
1386943020,1
1386943440,2
1386943500,4
1386943560,2
1386943620,2
1386944760,1
1386946320,1
1386946920,1
1386947520,1
1386948720,1
1386949320,1
1386949920,1
1386952620,1
1386953100,1
1386953220,1
1386954420,1
1386955800,1
1386956520,1
1386957120,1
1386960360,1
1386961980,1
1386962520,1
1386963060,1
1386963420,2
1386966240,1
1386966960,1
1386967620,1
1386968220,1
1386968820,1
1386969660,1
1386971460,1
1386971760,1
1386972120,1
1386972660,1
1386973380,1
1386974160,1
1386975180,1
1386975600,1
1386975780,1
1386976080,1
1386976320,1
1386976380,1
1386977340,1
1386978660,1
1386979320,1
1386979860,2
1386979920,10
1386979980,8
1386980220,2
1386980520,1
1386980700,1
1387015980,2
1387034820,1
1387041000,1
1387123440,1
1387125240,1
1387126020,1
1387128120,1
1387132320,1
1387133220,1
1387135020,1
1387135560,1
1387137720,1
1387140420,1
1387143420,1
1387143720,2
1387144620,1
1387144980,1
1387145520,1
1387147320,1
1387151520,1
1387162320,1
1387164600,1
1387166040,1
1387167720,1
1387172220,1
1387177920,1
1387178520,1
1387179120,1
1387181220,1
1387183020,1
1387193520,1
1387194120,1
1387199040,1
1387199820,1
1387201980,1
1387203120,1
1387204860,1
1387208520,1
1387210920,1
1387211520,1
1387213020,1
1387215420,1
1387216800,1
1387216920,1
1387217820,1
1387218000,1
1387218060,1
1387218780,1
1387218960,1
1387219380,1
1387220640,1
1387220700,1
1387221960,1
1387222080,1
1387225020,1
1387225500,1
1387225980,1
1387228920,1
1387228980,1
1387231920,1
1387232220,1
1387233000,1
1387233600,1
1387233780,1
1387234680,1
1387235700,1
1387236720,1
1387236780,1
1387238520,1
1387239300,1
1387239420,1
1387240380,1
1387240800,1
1387241100,1
1387242120,1
1387242420,1
1387244520,1
1387245120,1
1387247820,1
1387253520,1
1387257720,1
1387258920,1
1387262820,1
1387266420,1
1387267020,1
1387270620,1
1387271220,1
1387276320,1
1387279020,1
1387280220,1
1387280820,1
1387281420,1
1387283520,1
1387285920,1
1387286520,1
1387288140,2
1387288260,2
1387288320,2
1387288440,2
1387288500,2
1387289220,1
1387290300,1
1387295520,1
1387296720,1
1387299420,1
1387301880,1
1387304580,1
1387305120,1
1387305720,1
1387313520,1
1387314120,1
1387316520,1
1387317840,1
1387318440,1
1387319760,1
1387319820,1
1387320240,1
1387320720,2
1387322220,1
1387324440,1
1387326120,1
1387329120,1
1387329720,1
1387331220,1
1387333020,1
1387333920,1
1387333980,1
1387335720,1
1387339020,1
1387341720,1
1387344720,1
1387345620,1
1387346220,1
1387346820,1
1387351320,1
1387352520,1
1387353120,1
1387354620,1
1387355220,1
1387358520,1
1387359720,1
1387360320,1
1387362420,1
1387364820,1
1387365420,1
1387366920,1
1387372980,1
1387375320,1
1387375380,1
1387376220,1
1387379220,1
1387381500,1
1387382880,1
1387383720,1
1387384620,1
1387387620,1
1387390260,1
1387390320,1
1387392120,1
1387392300,1
1387393620,1
1387394280,1
1387395600,1
1387399200,1
1387400520,1
1387400580,1
1387404540,1
1387405740,1
1387407720,1
1387408740,1
1387408800,1
1387409100,1
1387409460,1
1387409820,1
1387410600,1
1387410780,1
1387411140,1
1387412220,1
1387413180,1
1387413420,1
1387414620,1
1387416360,1
1387416720,1
1387417020,1
1387418100,1
1387418580,1
1387421220,1
1387421280,1
1387423740,1
1387425720,1
1387426320,1
1387427220,1
1387427820,1
1387430220,1
1387430820,1
1387436820,1
1387441920,1
1387443720,1
1387447620,1
1387449120,1
1387450320,1
1387454820,1
1387455720,1
1387455960,1
1387457220,1
1387457520,1
1387460160,1
1387460820,1
1387462020,1
1387463820,1
1387463880,1
1387464540,1
1387466580,1
1387469880,1
1387471620,1
1387472880,1
1387474500,1
1387475880,1
1387477500,2
1387479960,1
1387480500,1
1387481340,1
1387483320,1
1387483440,1
1387486200,1
1387491300,1
1387491780,1
1387492260,1
1387493040,1
1387493160,2
1387494180,1
1387494240,1
1387494780,1
1387500300,1
1387500660,1
1387500900,1
1387501320,2
1387501500,1
1387501620,1
1387501680,1
1387501920,1
1387504440,1
1387505580,1
1387507620,1
1387508100,1
1387511280,1
1387512720,1
1387514280,1
1387519140,1
1387544220,1
1387544640,1
1387546080,1
1387546560,1
1387547100,1
1387547220,1
1387549260,1
1387550580,2
1387551840,1
1387552620,1
1387554780,1
1387559220,1
1387559580,1
1387559940,1
1387560840,1
1387561500,1
1387561680,1
1387562640,1
1387562940,1
1387564980,1
1387566360,1
1387571100,1
1387572420,1
1387574100,1
1387574220,1
1387575300,1
1387575900,1
1387576500,1
1387576800,1
1387578060,1
1387578240,1
1387578540,1
1387579020,2
1387582320,1
1387582740,1
1387585320,1
1387586460,1
1387588500,1
1387589760,1
1387609140,1
1387609200,1
1387634580,1
1387637940,1
1387643580,1
1387645560,3
1387651500,1
1387653780,1
1387655160,1
1387656120,1
1387656240,1
1387657200,1
1387658220,1
1387659240,1
1387659780,1
1387660440,1
1387662060,1
1387663740,1
1387664820,1
1387664880,1
1387665720,1
1387667460,1
1387668540,1
1387669320,1
1387671420,1
1387672500,1
1387674360,1
1387679340,1
1387717320,1
1387721520,1
1387732140,2
1387733700,1
1387733820,1
1387734060,1
1387739820,1
1387745160,1
1387745400,1
1387746660,2
1387747980,1
1387748640,1
1387753080,1
1387756020,1
1387761720,1
1387773180,1
1387812840,1
1387819440,1
1387825020,1
1387825920,1
1387830180,1
1387831440,1
1387839240,1
1387840980,1
1387841880,1
1387842000,1
1387842240,1
1387842420,1
1387844220,1
1387849260,1
1387849800,1
1387850460,1
1387895340,1
1387895520,1
1387902420,1
1387903440,1
1387907820,2
1387908900,1
1387909080,1
1387911420,1
1387911780,1
1387911900,1
1387912680,1
1387913520,1
1387913580,1
1387913760,1
1387914360,1
1387914900,1
1387917060,1
1387917240,1
1387919640,1
1387920120,1
1387921320,1
1387923120,1
1387924980,1
1387925280,1
1387933080,1
1387942740,2
1387954320,1
1387980420,1
1388002980,1
1388065500,1
1388068560,1
1388070480,1
1388074680,1
1388079720,1
1388080020,1
1388080920,1
1388081280,1
1388084160,1
1388085600,1
1388093700,1
1388096640,1
1388111820,1
1388152560,1
1388153760,1
1388154120,1
1388155080,1
1388159220,1
1388160300,1
1388161500,1
1388163780,1
1388166600,1
1388166660,1
1388168880,1
1388172360,1
1388175420,1
1388181600,1
1388181780,1
1388182740,1
1388183280,1
1388183700,1
1388189220,1
1388190960,1
1388191020,1
1388193360,1
1388195520,1
1388204820,1
1388208120,1
1388242260,1
1388243520,1
1388243820,1
1388253900,1
1388256300,1
1388258160,1
1388261520,1
1388262480,1
1388263080,1
1388264760,1
1388276220,1
1388281080,1
1388304840,1
1388316780,1
1388320920,1
1388326020,1
1388331480,1
1388351220,1
1388360100,1
1388409180,1
1388411820,1
1388413140,1
1388413380,1
1388415300,1
1388420040,1
1388425260,1
1388428560,1
1388432700,2
1388435520,1
1388435760,1
1388436180,1
1388436420,1
1388439180,1
1388441760,1
1388441820,1
1388442180,1
1388442420,1
1388443620,1
1388444040,1
1388444220,1
1388445120,1
1388445840,1
1388446020,1
1388446920,1
1388447520,1
1388448120,1
1388448780,1
1388449320,1
1388449920,1
1388450760,1
1388452020,1
1388458320,1
1388459220,1
1388466720,1
1388470020,1
1388473920,1
1388479020,1
1388479920,1
1388485020,1
1388486520,1
1388490120,1
1388492220,1
1388494020,1
1388496360,1
1388496720,1
1388497080,1
1388497320,1
1388497920,1
1388499120,1
1388502000,1
1388502420,1
1388503620,1
1388505120,1
1388506320,1
1388511960,1
1388512920,1
1388514120,1
1388515620,1
1388516820,1
1388517420,1
1388518020,1
1388518620,1
1388518800,1
1388518980,1
1388519280,1
1388519820,1
1388519940,1
1388521920,2
1388522520,1
1388523720,1
1388523960,1
1388524020,1
1388525220,1
1388525820,2
1388527020,1
1388531400,1
1388532240,1
1388533620,1
1388534820,1
1388536020,1
1388537520,1
1388538120,1
1388539320,1
1388542620,1
1388542800,1
1388543220,1
1388543820,1
1388547120,1
1388551620,1
1388552220,1
1388553420,1
1388556120,1
1388562240,1
1388563920,1
1388564520,1
1388567220,1
1388567820,1
1388569920,1
1388570640,1
1388571120,1
1388579520,1
1388580720,1
1388582520,1
1388590620,1
1388591820,1
1388596320,1
1388596920,1
1388598060,1
1388598180,1
1388598300,1
1388599620,1
1388601420,1
1388602020,1
1388605320,1
1388606520,1
1388611140,1
1388611920,1
1388614920,1
1388616420,1
1388617620,1
1388621220,1
1388622120,1
1388626620,1
1388629020,1
1388629620,1
1388634420,1
1388635020,1
1388635620,1
1388639520,2
1388639580,1
1388639640,2
1388639700,2
1388639760,4
1388639820,1
1388639880,1
1388674560,1
1388677260,1
1388678400,1
1388682180,1
1388685600,1
1388685720,1
1388694480,1
1388698500,1
1388698620,1
1388700420,1
1388706660,1
1388778600,1
1388855760,1
1389022560,1
1389025860,1
1389029880,1
1389031800,1
1389033120,1
1389036360,1
1389039360,1
1389040740,1
1389044280,1
1389046140,1
1389050880,1
1389108480,1
1389119820,1
1389130440,1
1389131160,1
1389133560,1
1389133680,1
1389133800,1
1389141120,1
1389144300,1
1389151620,1
1389189900,1
1389194940,1
1389195240,1
1389197940,1
1389199080,1
1389211140,1
1389219780,1
1389221040,1
1389221160,1
1389222360,1
1389222720,1
1389225180,1
1389228840,1
1389231780,1
1389272640,1
1389273420,1
1389275820,1
1389288300,1
1389289380,1
1389292680,1
1389294240,1
1389302400,1
1389303000,1
1389305760,1
1389305940,1
1389306060,1
1389308220,1
1389309000,1
1389309120,1
1389311520,1
1389311700,1
1389313080,1
1389314400,1
1389314460,1
1389314760,1
1389359640,1
1389361560,1
1389367500,1
1389374520,1
1389374820,1
1389376020,1
1389377040,1
1389381720,1
1389381960,1
1389389760,1
1389392700,1
1389396300,1
1389396960,1
1389458880,1
1389466440,1
1389467160,1
1389472080,1
1389475620,1
1389487080,1
1389500760,1
1389508140,1
1389538320,1
1389538620,1
1389544620,1
1389552300,1
1389554760,1
1389557280,1
1389560280,1
1389560880,1
1389562680,1
1389566580,1
1389573480,1
1389617880,1
1389619620,1
1389623880,2
1389635040,1
1389635220,1
1389635640,1
1389636000,1
1389636060,1
1389636240,1
1389636420,1
1389638100,1
1389638460,1
1389639540,1
1389640680,1
1389643320,1
1389647520,1
1389648660,1
1389650640,1
1389651000,1
1389651060,1
1389651120,1
1389651360,1
1389652080,1
1389652320,1
1389653400,1
1389653940,2
1389654000,1
1389654060,1
1389655020,1
1389655740,1
1389655920,1
1389658140,1
1389658680,1
1389659280,1
1389659580,1
1389661080,1
1389663060,1
1389663660,1
1389664320,1
1389664800,1
1389665520,1
1389666060,1
1389669420,1
1389699720,1
1389713160,1
1389714060,1
1389714780,1
1389717480,1
1389719820,1
1389720720,1
1389728040,1
1389730920,1
1389734640,1
1389736860,1
1389739140,1
1389740100,1
1389742860,1
1389743520,1
1389743940,1
1389745020,1
1389745260,1
1389745560,1
1389748620,1
1389748800,1
1389750000,1
1389751200,1
1389765360,1
1389798120,1
1389807780,1
1389809460,1
1389811020,1
1389811500,1
1389812340,1
1389816240,1
1389817920,1
1389819420,1
1389823380,1
1389824040,1
1389824520,1
1389825300,1
1389825600,1
1389826200,1
1389826440,1
1389826680,1
1389827220,1
1389827640,1
1389828120,1
1389828300,1
1389829200,1
1389829620,1
1389829680,1
1389829860,1
1389830100,3
1389831240,1
1389831420,2
1389831960,1
1389832260,1
1389833100,1
1389833940,1
1389834360,1
1389834720,1
1389835320,1
1389836100,1
1389836160,1
1389837900,1
1389839520,2
1389840360,2
1389841740,1
1389843420,1
1389876540,1
1389877500,1
1389880200,1
1389881040,1
1389883320,1
1389889440,1
1389892620,1
1389893520,1
1389895920,1
1389897120,1
1389897540,1
1389898020,1
1389898620,1
1389899220,1
1389899280,1
1389899820,1
1389901920,1
1389902940,1
1389903900,1
1389904920,1
1389905520,1
1389905820,1
1389906420,1
1389907020,1
1389909780,1
1389910140,1
1389910500,1
1389911700,1
1389912300,1
1389912420,1
1389912720,1
1389913620,1
1389916020,1
1389916680,2
1389919080,2
1389919500,1
1389919980,1
1389920160,1
1389920400,1
1389921180,1
1389921360,1
1389922020,1
1389922620,1
1389923340,1
1389923820,1
1389924180,1
1389924300,1
1389924720,1
1389928800,1
1389936600,1
1389964140,1
1389966420,1
1389967800,1
1389969840,1
1389978480,1
1389980040,1
1389980820,1
1389982260,1
1389982320,1
1389983580,1
1389984120,1
1389984480,1
1389986400,2
1389986460,1
1389986940,2
1389988740,1
1389992700,1
1389992880,2
1389993060,1
1389993120,1
1389993540,1
1389994560,1
1389994620,1
1389995400,1
1389995760,1
1389996420,1
1389996720,1
1389997140,1
1389997320,1
1389997980,1
1389998340,1
1389998880,1
1389999420,1
1389999720,1
1390000380,1
1390000620,1
1390001100,1
1390001460,1
1390001820,2
1390001880,1
1390002660,1
1390006080,1
1390006920,1
1390007940,1
1390010940,1
1390012920,1
1390016700,1
1390021140,1
1390034100,1
1390055040,1
1390058160,1
1390065240,1
1390068840,1
1390070520,1
1390072920,1
1390074240,1
1390074300,1
1390074660,1
1390084740,1
1390141080,1
1390142640,1
1390153080,1
1390153140,1
1390154640,1
1390160220,1
1390168680,1
1390179600,1
1390182180,1
1390226460,1
1390228320,1
1390231080,1
1390231320,1
1390235700,1
1390238160,1
1390242360,1
1390242900,1
1390243440,1
1390250040,1
1390253160,1
1390262340,1
1390269960,1
1390275420,1
1390275600,1
1390276020,1
1390280400,1
1390280820,1
1390287720,1
1390289220,1
1390294320,1
1390296120,1
1390297620,1
1390303980,1
1390304520,1
1390307880,1
1390309920,1
1390314420,1
1390315920,1
1390316820,1
1390317720,1
1390318920,1
1390322820,1
1390326120,1
1390326720,1
1390328820,1
1390330020,1
1390331220,1
1390334520,1
1390336260,1
1390338420,1
1390339620,1
1390344420,1
1390345260,1
1390348020,1
1390349520,1
1390351920,1
1390352520,1
1390354620,1
1390355820,1
1390364220,1
1390369620,1
1390372620,1
1390384320,1
1390388820,1
1390398360,1
1390405020,2
1390406520,1
1390412820,1
1390414920,1
1390416720,1
1390418520,1
1390420020,1
1390422420,1
1390425540,1
1390428420,1
1390434120,1
1390435320,1
1390436880,1
1390438020,1
1390439220,2
1390444620,1
1390454220,1
1390489620,1
1390499520,1
1390500720,1
1390504740,1
1390506720,1
1390508580,1
1390508820,1
1390511040,1
1390513020,1
1390513560,1
1390516920,1
1390517640,1
1390520220,1
1390522680,1
1390522920,1
1390526100,1
1390526460,1
1390530720,1
1390531320,1
1390538220,1
1390540320,1
1390540740,1
1390541820,1
1390543620,17
1390546020,1
1390546620,1
1390549920,1
1390552680,1
1390553220,1
1390553820,1
1390554420,1
1390559520,1
1390561620,1
1390567200,1
1390569420,1
1390575420,1
1390577520,1
1390577880,1
1390579620,1
1390581120,1
1390582260,1
1390587840,1
1390589520,1
1390594200,1
1390594260,1
1390599480,1
1390599540,1
1390599660,1
1390602120,1
1390602720,1
1390603680,1
1390604940,1
1390606260,2
1390606320,1
1390609560,1
1390663020,1
1390669140,1
1390671780,1
1390673220,1
1390673460,1
1390692720,1
1390759440,1
1390763460,1
1390776300,1
1390793940,1
1390825620,1
1390826580,1
1390827480,1
1390827900,1
1390830960,1
1390831860,1
1390832700,1
1390834620,1
1390836720,1
1390837260,2
1390845660,1
1390850520,1
1390851540,1
1390851600,1
1390851720,1
1390853760,1
1390855320,1
1390856700,1
1390857120,1
1390858680,1
1390860300,2
1390860840,1
1390860960,1
1390861740,1
1390863060,1
1390863180,1
1390863360,1
1390863960,1
1390864020,1
1390866660,1
1390867140,1
1390867380,1
1390868340,1
1390912500,1
1390912860,1
1390915800,1
1390919820,1
1390922280,1
1390930320,1
1390931220,1
1390934100,1
1390935900,1
1390936620,1
1390942260,1
1390943280,1
1390944000,1
1390946820,1
1390947720,1
1390948320,2
1390948920,1
1390949820,1
1390954800,1
1390958280,1
1390960500,1
1390961400,1
1390993620,1
1391006820,1
1391013720,2
1391013960,1
1391015640,1
1391025060,1
1391025660,1
1391025840,1
1391027700,1
1391030400,1
1391031900,1
1391035980,1
1391039100,1
1391073000,1
1391093040,1
1391095020,1
1391095800,1
1391104140,1
1391106600,1
1391106660,1
1391109240,1
1391111040,1
1391112360,1
1391118240,1
1391119440,1
1391121780,1
1391121840,1
1391123880,1
1391124840,1
1391125920,1
1391128140,1
1391129160,1
1391129640,1
1391139840,1
1391156220,1
1391175720,1
1391176320,1
1391178000,2
1391178420,1
1391178660,1
1391179620,1
1391181060,1
1391182740,1
1391185320,1
1391186340,1
1391188440,1
1391192820,2
1391194380,1
1391195580,1
1391196480,1
1391198160,1
1391198520,1
1391198880,1
1391199840,1
1391199900,1
1391200320,1
1391201760,1
1391203020,1
1391203200,3
1391203500,1
1391204640,1
1391206200,1
1391206740,1
1391207160,1
1391207340,1
1391209260,1
1391209560,1
1391269860,1
1391271720,1
1391271840,1
1391272800,1
1391277780,1
1391279220,1
1391280300,1
1391280420,1
1391282040,1
1391285880,1
1391287200,1
1391290320,1
1391292120,1
1391307480,1
1391362560,1
1391364240,1
1391366460,1
1391368200,1
1391368980,1
1391373840,1
1391395680,1
1391395920,1
1391397300,1
1391398560,1
1391398920,1
1391399520,1
1391416020,1
1391416080,2
1391434320,1
1391470560,1
1391473380,1
1391520960,1
1391523720,1
1391524080,1
1391527380,2
1391527440,1
1391528460,1
1391535720,1
1391541360,1
1391545560,1
1391545980,1
1391550180,1
1391551440,1
1391551920,1
1391559420,1
1391563920,1
1391617200,1
1391636460,1
1391637360,1
1391645340,1
1391691720,1
1391698440,1
1391704080,1
1391707800,1
1391714100,1
1391717400,1
1391724420,1
1391724540,1
1391727060,1
1391729460,1
1391731980,1
1391734320,1
1391734920,1
1391781840,1
1391782260,1
1391785380,1
1391786100,1
1391788020,1
1391788560,1
1391797800,1
1391800200,1
1391800440,1
1391802600,1
1391803080,1
1391803800,1
1391807280,1
1391814240,1
1391814600,1
1391815020,1
1391817720,1
1391819220,1
1391886600,1
1391893320,1
1391895060,1
1391896800,1
1391915400,1
1391960820,1
1391978820,1
1391984760,1
1392003480,1
1392040860,1
1392041700,1
1392048000,1
1392055800,1
1392059580,1
1392064020,1
1392066120,1
1392121140,1
1392121920,1
1392126060,1
1392128520,1
1392135360,1
1392150180,1
1392153180,1
1392155040,1
1392155280,1
1392159000,1
1392162600,1
1392165360,1
1392208440,1
1392208920,1
1392215220,1
1392215400,1
1392221700,1
1392222240,1
1392225420,1
1392228000,1
1392234840,1
1392236580,1
1392242100,1
1392242640,1
1392244020,1
1392244140,1
1392245220,1
1392245280,1
1392247800,1
1392247860,1
1392250920,1
1392390360,1
1392396720,1
1392407160,1
1392414420,1
1392414780,1
1392417660,1
1392422340,1
1392498720,1
1392592680,1
1392662640,1
1392666180,1
1392673680,1
1392682560,2
1392748920,1
1392759780,1
1392761100,1
1392765840,1
1392766200,1
1392766320,1
1392768660,1
1392773460,1
1392827160,1
1392829680,1
1392830280,1
1392830880,1
1392831480,1
1392833220,1
1392840900,1
1392844380,1
1392846120,1
1392847260,1
1392847740,2
1392848160,1
1392848400,1
1392849600,1
1392852300,1
1392852720,1
1392852900,1
1392853980,1
1392854160,1
1392854760,1
1392858960,1
1392862260,1
1392898500,1
1392906180,1
1392906600,1
1392909360,1
1392912780,1
1392915960,1
1392916200,1
1392917640,1
1392921000,1
1392922740,1
1392926820,1
1392935160,1
1392935220,1
1392935700,1
1392938340,1
1392938700,1
1392942180,1
1392942240,1
1392942660,1
1392994020,1
1393001280,1
1393008000,1
1393010160,1
1393010220,1
1393013520,1
1393018500,2
1393020060,1
1393020240,1
1393021140,1
1393022100,1
1393032480,1
1393033500,1
1393055220,1
1393093440,1
1393094280,1
1393095960,1
1393099380,1
1393100100,1
1393100760,1
1393104300,1
1393106580,1
1393107180,1
1393107840,1
1393124940,2
1393126320,1
1393150020,1
1393168500,1
1393182180,1
1393188480,1
1393192200,1
1393195380,1
1393248900,1
1393249020,1
1393250160,1
1393250520,1
1393253340,1
1393253460,1
1393265100,1
1393269420,1
1393273380,1
1393273860,1
1393273920,1
1393276980,1
1393277820,1
1393278720,1
1393279680,2
1393282320,1
1393282920,1
1393284120,1
1393284300,1
1393284360,1
1393284480,1
1393284960,1
1393286220,1
1393286580,1
1393286820,1
1393287600,1
1393288020,1
1393288500,1
1393288740,1
1393288920,2
1393289100,1
1393289940,1
1393291320,1
1393292760,1
1393297020,1
1393297860,1
1393301820,1
1393302960,1
1393304820,1
1393305420,1
1393306920,1
1393308720,1
1393309320,1
1393314720,1
1393315320,1
1393317120,1
1393319220,1
1393321020,1
1393325520,1
1393329420,1
1393330920,1
1393332180,1
1393332660,1
1393336620,1
1393338720,1
1393339080,1
1393340400,1
1393342020,1
1393342620,1
1393343220,1
1393343820,1
1393348320,1
1393348680,1
1393350420,1
1393352340,1
1393356120,1
1393356720,1
1393357200,1
1393358220,1
1393358820,1
1393362780,1
1393364460,1
1393365000,1
1393365120,1
1393365360,1
1393365480,1
1393366020,1
1393366620,1
1393366680,1
1393367220,1
1393367460,1
1393367640,1
1393367820,1
1393370220,1
1393370700,1
1393373640,1
1393374720,1
1393376160,1
1393376220,1
1393377840,1
1393378020,1
1393378620,1
1393379280,1
1393380720,1
1393385220,1
1393385820,1
1393387620,1
1393391520,1
1393394340,1
1393400820,1
1393401420,1
1393403220,1
1393404720,1
1393408320,1
1393409820,1
1393414320,1
1393414920,1
1393418820,1
1393420020,1
1393423620,1
1393425120,1
1393425840,1
1393426740,1
1393432620,1
1393435020,1
1393436520,1
1393439700,1
1393439760,1
1393439820,1
1393440300,1
1393440720,1
1393443420,1
1393444620,1
1393446120,1
1393447320,1
1393449000,1
1393449180,1
1393452660,1
1393452900,1
1393453080,1
1393453440,1
1393454160,1
1393456560,1
1393456740,1
1393458720,2
1393459440,1
1393460220,1
1393460340,1
1393461780,1
1393463220,1
1393463760,1
1393465260,1
1393467120,1
1393467900,1
1393469820,1
1393471680,1
1393476420,1
1393478220,1
1393478820,1
1393481520,1
1393487820,1
1393494420,1
1393496220,1
1393499520,1
1393505940,1
1393506120,1
1393509300,1
1393513320,1
1393513380,1
1393514100,1
1393517100,1
1393524000,1
1393526400,1
1393532520,1
1393532820,1
1393536120,1
1393536900,1
1393537920,1
1393539480,1
1393540680,1
1393541220,1
1393541280,1
1393541760,1
1393542060,1
1393542720,1
1393544040,1
1393544820,1
1393545300,2
1393545780,1
1393546020,1
1393550940,1
1393592640,1
1393597860,1
1393598520,1
1393599480,1
1393603320,1
1393603920,1
1393605120,1
1393605720,1
1393606320,1
1393607820,1
1393611660,1
1393612320,1
1393612500,1
1393613640,1
1393614600,1
1393615260,1
1393615680,1
1393617120,1
1393619400,1
1393619520,1
1393622280,1
1393624680,1
1393625040,1
1393627080,1
1393629540,1
1393634880,1
1393641420,1
1393682220,1
1393683960,1
1393690500,1
1393692120,1
1393701180,1
1393702320,1
1393724280,1
1393731480,1
1393767180,1
1393773420,1
1393774560,1
1393783200,1
1393785120,1
1393801980,1
1393804320,1
1393809240,1
1393821960,1
1393853100,1
1393856760,1
1393858140,1
1393862040,1
1393869120,2
1393870380,1
1393872300,1
1393882920,1
1393884060,1
1393884540,1
1393886940,1
1393887060,1
1393887420,1
1393888620,1
1393889460,1
1393889820,1
1393894440,1
1393904820,1
1393942260,1
1393945020,1
1393951380,1
1393953180,2
1393953720,1
1393958700,1
1393962480,1
1393968900,1
1393969740,1
1393970040,1
1393970520,1
1393970760,1
1393972320,1
1393979940,1
1393980300,1
1394027940,1
1394029020,1
1394029140,1
1394030580,1
1394031060,1
1394037420,1
1394041200,1
1394042280,1
1394043240,1
1394045400,1
1394049780,1
1394050380,1
1394051580,1
1394051700,1
1394054700,1
1394055720,1
1394056080,1
1394056920,1
1394056980,1
1394057220,1
1394057580,1
1394059080,1
1394060220,1
1394060340,1
1394061060,1
1394062320,1
1394064180,2
1394066280,1
1394109060,1
1394117340,1
1394119080,1
1394126460,1
1394131860,2
1394134020,1
1394134680,1
1394135040,1
1394136300,1
1394141940,1
1394142000,1
1394143320,1
1394143920,1
1394146380,1
1394146560,1
1394146860,1
1394149800,1
1394151360,2
1394151720,1
1394153280,1
1394158200,1
1394194680,1
1394199360,1
1394200500,1
1394202300,1
1394207160,1
1394209560,1
1394220180,1
1394220240,1
1394226960,1
1394230200,1
1394230920,1
1394231100,1
1394232300,1
1394232660,1
1394233380,1
1394234040,2
1394234400,1
1394234520,1
1394236380,1
1394236740,2
1394236920,1
1394238180,1
1394239020,1
1394239080,1
1394239380,1
1394245620,1
1394284560,1
1394293200,1
1394293620,1
1394299200,1
1394301420,1
1394301960,1
1394302500,1
1394304000,1
1394305380,1
1394307300,1
1394308800,1
1394308860,1
1394311260,2
1394312700,2
1394313840,1
1394315340,1
1394319600,1
1394335680,1
1394378460,1
1394381160,1
1394382000,1
1394390940,1
1394393880,1
1394400240,1
1394404680,1
1394428860,1
1394453100,1
1394454660,1
1394454960,1
1394456700,1
1394458080,1
1394459040,1
1394470680,1
1394471220,1
1394471880,1
1394473020,1
1394477160,1
1394481120,1
1394483880,1
1394485440,1
1394485680,1
1394485800,1
1394487840,1
1394488440,1
1394488620,1
1394489520,1
1394490840,1
1394492280,1
1394494020,1
1394500020,1
1394507400,1
1394507460,1
1394514840,1
1394539140,1
1394539860,1
1394542320,1
1394544180,1
1394545020,1
1394545620,1
1394545740,1
1394554320,1
1394555100,1
1394558520,1
1394559120,1
1394562780,1
1394564100,1
1394566440,1
1394568780,1
1394569920,1
1394571660,1
1394571720,1
1394572020,1
1394572500,2
1394573280,2
1394573700,1
1394573940,1
1394574000,1
1394574120,2
1394574180,1
1394574840,1
1394575320,2
1394576640,1
1394576700,1
1394577420,1
1394581560,1
1394581620,1
1394590620,1
1394606220,1
1394626920,1
1394627700,1
1394631420,1
1394631780,1
1394633400,1
1394639700,2
1394640780,2
1394642160,1
1394642400,1
1394643120,1
1394645580,1
1394646000,1
1394651940,1
1394656560,1
1394656980,1
1394662080,1
1394666100,1
1394667360,1
1394668020,1
1394668380,1
1394678760,1
1394695500,1
1394709840,1
1394713020,1
1394717400,1
1394727780,1
1394729580,1
1394732220,1
1394733480,1
1394734320,1
1394734860,1
1394743920,1
1394745060,1
1394745660,1
1394745720,1
1394746080,1
1394746740,1
1394747040,1
1394747460,1
1394748660,1
1394750280,1
1394751180,1
1394754360,1
1394754600,1
1394754720,1
1394757900,1
1394798700,1
1394801880,2
1394803380,1
1394806800,1
1394807400,1
1394808600,1
1394810700,1
1394811300,1
1394814000,1
1394816640,2
1394817300,1
1394819520,1
1394821500,1
1394821560,2
1394824920,1
1394825520,1
1394825640,1
1394826240,1
1394826540,1
1394827440,1
1394827920,1
1394828580,1
1394831160,1
1394831760,1
1394831880,1
1394832480,1
1394832660,1
1394833200,1
1394834880,1
1394835120,2
1394835480,1
1394835600,1
1394836440,1
1394838180,1
1394840220,1
1394841120,1
1394842800,1
1394857080,2
1394892480,1
1394893200,1
1394896200,1
1394896500,1
1394900580,1
1394901240,1
1394902320,1
1394903580,1
1394910060,1
1394910960,1
1394911620,1
1394916780,1
1394923860,1
1394927760,1
1394942760,1
1394980440,1
1394981760,1
1394988660,1
1394988960,1
1394989620,1
1394993040,1
